dataset,index,key,models_say,agree,of
singapore-facts-tnf,4,FALSE,TRUE,4,5
singapore-facts-tnf,13,TRUE,FALSE,4,5
singapore-facts-tnf,15,TRUE,FALSE,4,5
singapore-facts-tnf,22,FALSE,TRUE,5,5
singapore-facts-tnf,37,FALSE,TRUE,4,5
singapore-food-tnf,7,FALSE,TRUE,4,5
singapore-food-tnf,10,TRUE,FALSE,5,5
singapore-food-tnf,11,TRUE,FALSE,5,5
singapore-food-tnf,17,FALSE,TRUE,5,5
singapore-food-tnf,20,FALSE,TRUE,4,5
singapore-food-tnf,21,FALSE,TRUE,4,5
singapore-food-tnf,28,FALSE,TRUE,4,5
singapore-food-tnf,32,TRUE,FALSE,4,5
singapore-food-tnf,38,FALSE,TRUE,4,5
singapore-food-tnf,53,TRUE,FALSE,4,5
singapore-food-tnf,56,TRUE,FALSE,5,5
singapore-food-tnf,67,FALSE,TRUE,4,5
singapore-food-tnf,73,TRUE,FALSE,4,5
singapore-food-tnf,87,FALSE,TRUE,5,5
singapore-food-tnf,93,TRUE,FALSE,4,5
singapore-iconic-places,2,B,C,4,5
singapore-iconic-places,8,A,C,4,5
singapore-places-tnf,4,FALSE,TRUE,4,5
singapore-places-tnf,12,TRUE,FALSE,5,5
singapore-places-tnf,13,FALSE,TRUE,4,5
singapore-places-tnf,14,TRUE,FALSE,4,5
singapore-places-tnf,16,TRUE,FALSE,4,5
singapore-places-tnf,17,TRUE,FALSE,5,5
singapore-places-tnf,25,TRUE,FALSE,4,5
singapore-places-tnf,26,TRUE,FALSE,4,5
singapore-places-tnf,32,FALSE,TRUE,5,5
singapore-places-tnf,38,FALSE,TRUE,4,5
singapore-places-tnf,43,TRUE,FALSE,4,5
singapore-places-tnf,44,TRUE,FALSE,4,5
singapore-places-tnf,48,FALSE,TRUE,4,5
singapore-political-history,14,A,B,5,5
singapore-public-housing,11,A,B,4,5
singapore-transport-system,10,B,C,4,5
singapore-transport-system,11,C,B,4,5
singapore-transport-system,14,D,B,5,5
singapore-transport-system,18,D,A,4,5
singapore-transport-system,20,B,A,5,5
singapore-transport-system,26,B,C,4,5
