item,status,flags
singapore-facts-tnf#0,no_key_flag,ambiguity
singapore-facts-tnf#4,unresolved,consensus
singapore-facts-tnf#8,no_key_flag,ambiguity
singapore-facts-tnf#12,no_key_flag,ambiguity
singapore-facts-tnf#14,no_key_flag,
singapore-facts-tnf#16,no_key_flag,ambiguity
singapore-facts-tnf#23,no_key_flag,
singapore-facts-tnf#24,no_key_flag,ambiguity
singapore-facts-tnf#29,no_key_flag,
singapore-facts-tnf#32,no_key_flag,
singapore-facts-tnf#46,no_key_flag,
singapore-facts-tnf#48,no_key_flag,ambiguity
singapore-facts-tnf#49,no_key_flag,ambiguity
singapore-places-tnf#0,no_key_flag,
singapore-places-tnf#1,no_key_flag,
singapore-places-tnf#4,suspected,consensus
singapore-places-tnf#15,no_key_flag,
singapore-places-tnf#18,no_key_flag,
singapore-places-tnf#30,no_key_flag,
singapore-places-tnf#31,no_key_flag,
singapore-places-tnf#35,no_key_flag,
singapore-places-tnf#36,no_key_flag,
singapore-places-tnf#38,suspected,consensus
singapore-places-tnf#41,no_key_flag,
singapore-places-tnf#44,suspected,consensus
singapore-places-tnf#46,no_key_flag,ambiguity
singapore-food-tnf#0,no_key_flag,
singapore-food-tnf#6,no_key_flag,
singapore-food-tnf#8,no_key_flag,ambiguity
singapore-food-tnf#9,no_key_flag,ambiguity;time_sensitive
singapore-food-tnf#12,no_key_flag,
singapore-food-tnf#15,no_key_flag,
singapore-food-tnf#19,no_key_flag,ambiguity
singapore-food-tnf#21,unresolved,consensus
singapore-food-tnf#23,no_key_flag,ambiguity
singapore-food-tnf#24,no_key_flag,ambiguity
singapore-food-tnf#28,flag_cleared,consensus
singapore-food-tnf#30,no_key_flag,ambiguity
singapore-food-tnf#33,no_key_flag,ambiguity
singapore-food-tnf#35,no_key_flag,ambiguity
singapore-food-tnf#38,suspected,consensus
singapore-food-tnf#42,no_key_flag,
singapore-food-tnf#43,no_key_flag,
singapore-food-tnf#47,no_key_flag,ambiguity
singapore-food-tnf#65,no_key_flag,
singapore-food-tnf#71,no_key_flag,ambiguity
singapore-food-tnf#74,no_key_flag,
singapore-food-tnf#78,no_key_flag,
singapore-food-tnf#79,no_key_flag,
singapore-food-tnf#80,no_key_flag,ambiguity
singapore-food-tnf#82,no_key_flag,ambiguity
singapore-food-tnf#85,no_key_flag,ambiguity;time_sensitive
singapore-food-tnf#89,no_key_flag,
singapore-food-tnf#90,no_key_flag,
singapore-transport-system#5,no_key_flag,
singapore-transport-system#16,no_key_flag,
singapore-transport-system#17,no_key_flag,
singapore-transport-system#19,no_key_flag,
singapore-iconic-places#0,no_key_flag,
singapore-iconic-places#6,no_key_flag,
singapore-iconic-places#9,no_key_flag,time_sensitive
singapore-political-history#1,no_key_flag,
singapore-political-history#3,no_key_flag,
singapore-political-history#15,no_key_flag,
singapore-political-history#16,no_key_flag,
singapore-political-history#18,no_key_flag,
singapore-political-history#20,no_key_flag,
singapore-public-housing#6,no_key_flag,time_sensitive
singapore-public-housing#8,no_key_flag,time_sensitive
singapore-public-housing#9,no_key_flag,exact_duplicate
singapore-public-housing#10,no_key_flag,exact_duplicate
singapore-public-housing#11,suspected,consensus
singapore-pofma-statements-2023#5,no_key_flag,time_sensitive
singapore-pofma-statements-2023#7,no_key_flag,time_sensitive
singapore-pofma-statements-2023#10,no_key_flag,time_sensitive
singapore-pofma-statements-2023#11,no_key_flag,
singapore-pofma-statements-2023#13,no_key_flag,time_sensitive
singapore-pofma-statements-2023#14,no_key_flag,
singapore-pofma-statements-2023#18,no_key_flag,
singapore-pofma-statements-2023#23,no_key_flag,time_sensitive
singapore-pofma-statements-2023#24,no_key_flag,
singapore-pofma-statements-2023#25,no_key_flag,
singapore-pofma-statements-2023#26,no_key_flag,time_sensitive
singapore-pofma-statements-2023#29,no_key_flag,
singapore-pofma-statements-2024#4,no_key_flag,
singapore-pofma-statements-2024#7,no_key_flag,time_sensitive
singapore-pofma-statements-2024#8,no_key_flag,
singapore-pofma-statements-2024#9,no_key_flag,time_sensitive
singapore-pofma-statements-2024#10,no_key_flag,
singapore-pofma-statements-2024#12,no_key_flag,
singapore-pofma-statements-2024#13,no_key_flag,
singapore-pofma-statements-2024#16,no_key_flag,
singapore-pofma-statements-2024#23,no_key_flag,
singapore-pofma-statements-2024#27,no_key_flag,
singapore-pofma-statements-2024#29,no_key_flag,
singapore-pofma-statements-2024#32,no_key_flag,time_sensitive
singapore-pofma-true-statements#2,no_key_flag,ambiguity
singapore-pofma-true-statements#5,no_key_flag,ambiguity;time_sensitive
singapore-pofma-true-statements#6,no_key_flag,ambiguity
singapore-pofma-true-statements#9,no_key_flag,ambiguity
