service_no,direction,operator,category,origin_code,destination_code,loop_desc,n_stops,route_km,wd_first_bus,wd_last_bus
2,1,GAS,TRUNK,99009,10499,,70,25.9,0520,2345
2,2,GAS,TRUNK,10499,99009,,62,26.5,0540,2400
2B,1,GAS,TRUNK,99009,84039,,33,12.7,1328,1328
3,1,GAS,TRUNK,75009,65009,,39,19.1,0505,2335
3,2,GAS,TRUNK,65009,75009,,41,19.7,0540,0036
3A,1,GAS,TRUNK,75009,77331,,28,10.3,1531,0035
4,1,GAS,TRUNK,75009,75009,Changi Nth Way,28,10.5,0600,2330
5,1,SBST,TRUNK,77009,10009,,61,34.0,0530,2330
5,2,SBST,TRUNK,10009,77009,,61,33.0,0530,2330
5A,1,SBST,TRUNK,98319,96251,,12,4.6,0652,1801
5B,1,SBST,TRUNK,96259,98311,,12,4.7,1804,1959
6,1,GAS,TRUNK,77009,77009,Loyang Cres,30,11.4,0620,1930
7,1,SBST,TRUNK,84009,17009,,56,23.0,0530,2330
7,2,SBST,TRUNK,17009,84009,,51,22.5,0530,2330
7A,1,SBST,TRUNK,84009,09022,,35,13.6,0600,2245
7B,1,SBST,TRUNK,17009,08057,,25,10.6,0559,2002
8,1,SBST,TRUNK,75009,52009,,40,17.6,0530,2300
8,2,SBST,TRUNK,52009,75009,,39,17.4,0600,2330
9,1,SBST,TRUNK,84009,84009,Airport Cargo Rd,82,33.2,0530,2400
9A,1,SBST,TRUNK,84009,98011,,21,8.4,1814,1955
9B,1,SBST,TRUNK,96169,95051,,29,11.0,0658,0733
10,1,GAS,TRUNK,75009,16009,,74,31.5,0500,2300
10,2,GAS,TRUNK,16009,75009,,74,31.9,0600,2400
10e,1,GAS,EXPRESS,85049,03217,,30,16.1,0730,0814
10e,2,GAS,EXPRESS,03222,85041,,28,16.9,1814,1844
11,1,SBST,TRUNK,80009,80009,Rhu Cross,25,10.7,0600,2330
12,1,GAS,TRUNK,77009,10499,,71,25.4,0530,2330
12,2,GAS,TRUNK,10499,77009,,65,25.7,0555,2400
12e,1,GAS,EXPRESS,77009,10499,,40,25.6,0600,1200
12e,2,GAS,EXPRESS,10499,77009,,36,25.6,1600,2200
13,1,SBST,TRUNK,55509,94009,,63,24.9,0535,2330
13,2,SBST,TRUNK,94009,55509,,65,24.6,0530,2315
13A,1,SBST,TRUNK,54019,53231,,6,2.1,0620,0935
14,1,SBST,TRUNK,84009,17009,,80,34.3,0530,2345
14,2,SBST,TRUNK,17009,84009,,75,33.4,0540,2330
14A,1,SBST,TRUNK,84009,09059,,51,20.1,-,-
14e,1,SBST,EXPRESS,84211,09048,,31,20.3,0725,0802
14e,2,SBST,EXPRESS,09048,84219,,28,19.1,1818,1842
15,1,GAS,TRUNK,77009,77009,Marine Parade Rd,69,32.7,0545,2300
15A,1,GAS,TRUNK,77009,83109,,25,12.7,0735,0811
16,1,SBST,TRUNK,84009,10009,,48,21.7,0530,2345
16,2,SBST,TRUNK,10009,84009,,45,21.2,0545,2345
16M,1,SBST,TRUNK,84009,10009,,50,22.6,0600,1440
16M,2,SBST,TRUNK,10009,84009,,47,22.0,0830,1700
17,1,GAS,TRUNK,77009,84009,,31,12.3,0545,0020
17,2,GAS,TRUNK,84009,77009,,31,12.3,0530,0030
17A,1,GAS,TRUNK,84009,84591,Bedok Nth Dr,10,16.4,0615,0012
18,1,GAS,TRUNK,74009,84591,,31,12.5,0530,2345
18,2,GAS,TRUNK,84599,74009,,31,12.8,0521,0038
18A,1,SBST,TRUNK,74009,76319,,10,4.2,0638,0712
18M,1,SBST,TRUNK,84599,84591,Tampines St 96,21,7.5,0533,0033
19,1,GAS,TRUNK,75009,75009,Airport Cargo Rd,56,21.9,0530,2015
20,1,GAS,TRUNK,75009,75009,Changi Business Pk Ave 3,44,17.9,0600,2330
20A,1,SBST,TRUNK,96139,96301,Changi Business Pk Ave 3,21,7.1,0708,0826
21,1,SBST,TRUNK,77009,52499,,69,27.6,0530,2400
21,2,SBST,TRUNK,52499,77009,,68,25.2,0530,2400
21A,1,SBST,TRUNK,80089,07231,,8,3.5,-,-
22,1,SBST,TRUNK,54009,82009,,34,13.1,0530,2330
22,2,SBST,TRUNK,82009,54009,,33,12.4,0600,2345
23,1,GAS,TRUNK,75009,75009,Rochor Canal Rd,43,32.0,0530,2350
24,1,SBST,TRUNK,54009,54009,PTB2 Basement,100,51.7,0530,2300
25,1,SBST,TRUNK,54009,94009,,43,17.9,0530,2345
25,2,SBST,TRUNK,94009,54009,,44,18.1,0530,2330
26,1,SBST,TRUNK,84009,52009,,34,14.7,0600,2330
26,2,SBST,TRUNK,52009,84009,,30,13.6,0545,2330
27,1,SBST,TRUNK,64009,64009,PTB2 Basement,57,44.3,0510,2350
27A,1,SBST,TRUNK,67261,76139,,18,10.4,0612,1011
28,1,GAS,TRUNK,75009,52009,,59,23.3,0540,2400
28,2,GAS,TRUNK,52009,75009,,57,23.2,0555,2400
29,1,GAS,TRUNK,75009,75009,Changi Village Rd,54,20.0,0520,2345
29A,1,GAS,TRUNK,75009,76241,,9,3.1,1730,1930
30,1,SBST,TRUNK,84009,22009,,77,37.9,0515,2335
30,2,SBST,TRUNK,22009,84009,,75,37.9,0530,0020
30e,1,SBST,EXPRESS,84009,16061,,18,24.0,0706,0754
30e,2,SBST,EXPRESS,16069,84009,,18,24.6,1736,1824
31,1,GAS,TRUNK,75009,52009,,48,23.0,0530,2330
31,2,GAS,TRUNK,52009,75009,,46,23.2,0530,2335
31A,1,SBST,TRUNK,75009,85099,,9,4.5,0644,1120
32,1,SBST,TRUNK,84009,11379,,60,22.8,0530,2330
32,2,SBST,TRUNK,11379,84009,,57,23.1,0600,2400
33,1,SBST,TRUNK,84009,16009,,64,25.2,0545,2345
33,2,SBST,TRUNK,16009,84009,,57,25.8,0600,2345
33A,1,SBST,TRUNK,16009,10149,,23,10.8,1619,1847
33B,1,SBST,TRUNK,84009,81179,,18,6.7,0725,0842
34,1,GAS,TRUNK,69009,69009,PTB2 Basement,69,46.7,0510,2345
34A,1,GAS,TRUNK,69009,76059,,22,11.9,0548,0823
34B,1,GAS,TRUNK,75359,75351,,44,35.0,0549,1823
35,1,SBST,TRUNK,84009,84009,Alps Ave,35,43.8,0600,1930
35M,1,SBST,TRUNK,84009,84009,Tanah Merah Ferry Rd,20,17.6,1945,2315
36,1,GAS,TRUNK,95129,95129,Tomlinson Rd,60,52.7,0600,2252
36A,1,GAS,TRUNK,95129,09191,,32,26.4,2302,2358
36B,1,GAS,TRUNK,93049,93199,,50,40.5,0757,1738
37,1,GAS,TRUNK,75009,75009,Changi Nth Cres,26,10.9,0600,1935
38,1,GAS,TRUNK,75009,84009,,29,11.3,0515,0040
38,2,GAS,TRUNK,84009,75009,,29,10.8,0545,0040
39,1,GAS,TRUNK,75019,59009,,42,26.6,0525,2330
39,2,GAS,TRUNK,59009,75019,,44,26.5,0600,2330
39A,1,SBST,TRUNK,77031,68119,,16,10.7,0619,1817
39B,1,SBST,TRUNK,65439,77039,,16,7.9,0608,0728
40,1,SBST,TRUNK,84009,84009,Merpati Rd,62,23.4,0545,2330
41,1,TTS,TRUNK,28009,28009,Jln Anak Bt,38,14.8,0545,2345
42,1,SBST,TRUNK,83321,83321,Fidelio St,22,5.8,0600,2330
43,1,GAS,TRUNK,65009,94009,,61,23.6,0545,2345
43,2,GAS,TRUNK,94009,65009,,62,23.7,0525,2345
43A,1,GAS,TRUNK,65009,66359,,25,9.4,0635,1921
43e,1,GAS,EXPRESS,65009,92051,,28,17.1,0620,0930
43e,2,GAS,EXPRESS,92059,65009,,31,17.3,1650,2000
44,1,GAS,TRUNK,69009,95159,,19,23.6,0630,0830
44,2,GAS,TRUNK,95151,69009,,19,24.8,1715,1915
45,1,SBST,TRUNK,94009,55311,,45,20.6,0600,2330
45,2,SBST,TRUNK,55231,94009,,48,21.0,0600,2330
45A,1,SBST,TRUNK,63291,62139,,6,1.8,0647,0740
46,1,SBST,TRUNK,94009,77009,,32,11.4,0600,2330
46,2,SBST,TRUNK,77009,94009,,29,11.3,0600,2330
47,1,GAS,TRUNK,97009,97009,Amber Rd,51,22.3,0600,2345
48,1,SBST,TRUNK,84299,11379,,53,24.5,0530,2330
48,2,SBST,TRUNK,11379,84299,,52,24.4,0600,2400
49,1,TTS,TRUNK,28009,28009,Jurong West St 42,51,23.8,0600,2330
50,1,SBST,TRUNK,53009,65009,,48,18.5,0545,2345
50,2,SBST,TRUNK,65009,53009,,47,18.6,0530,2345
50A,1,SBST,TRUNK,65529,54399,,32,11.7,0530,0838
51,1,SBST,TRUNK,64009,28009,,98,37.6,0530,2330
51,2,SBST,TRUNK,28009,64009,,95,36.1,0530,0020
51A,1,SBST,TRUNK,28009,20191,,9,3.0,0003,0020
52,1,SBST,TRUNK,53009,28009,,45,25.4,0545,2345
52,2,SBST,TRUNK,28009,53009,,44,25.3,0545,2345
53,1,SBST,TRUNK,53009,53009,PTB2 Basement,85,52.9,0530,2315
53A,1,SBST,TRUNK,77289,95129,PTB2 Basement,20,11.9,0635,0738
53M,1,SBST,TRUNK,63221,63221,S'goon Ctrl,22,7.1,0555,2300
54,1,SBST,TRUNK,53009,10499,,45,17.6,0545,2300
54,2,SBST,TRUNK,10499,53009,,41,17.5,0610,2330
55,1,SBST,TRUNK,53009,94009,,50,21.4,0530,2345
55,2,SBST,TRUNK,94009,53009,,52,20.9,0520,2340
55B,1,SBST,TRUNK,53009,54381,,8,3.4,1906,1936
56,1,SBST,TRUNK,53009,02089,,26,12.3,0530,2330
56,2,SBST,TRUNK,02101,53009,,27,12.7,0601,2346
57,1,SBST,TRUNK,53009,10009,,49,22.4,0600,2330
57,2,SBST,TRUNK,10009,53009,,49,22.1,0545,2400
58,1,SBST,TRUNK,53009,77009,,48,20.6,0530,2400
58,2,SBST,TRUNK,77009,53009,,48,20.4,0530,2400
58A,1,SBST,TRUNK,62131,75351,,27,11.7,0802,1822
58B,1,SBST,TRUNK,77009,70281,,27,12.2,0747,1817
59,1,SBST,TRUNK,53009,99009,,51,26.4,0545,2330
59,2,SBST,TRUNK,99009,53009,,50,26.7,0600,2330
60,1,SBST,TRUNK,82009,82009,Bedok Nth Dr,33,15.2,0530,0030
60A,1,SBST,TRUNK,82009,84511,,10,3.8,1809,2117
60T,1,SBST,TRUNK,82009,84009,,17,7.4,2345,0035
61,1,SMRT,TRUNK,43009,82009,,94,39.7,0520,2330
61,2,SMRT,TRUNK,82009,43009,,90,35.7,0530,2330
62,1,GAS,TRUNK,65009,65009,Sims Ave,88,35.4,0530,2350
62A,1,GAS,TRUNK,65009,81089,Sims Ave,41,16.0,1811,2003
63,1,SBST,TRUNK,82009,10599,,53,19.4,0530,2400
63,2,SBST,TRUNK,10599,82009,,50,19.5,0600,0010
63M,1,SBST,TRUNK,82009,82009,Circuit Rd,35,12.6,0535,0035
64,1,SBST,TRUNK,80289,80289,Mei Ling St,82,30.4,0530,2330
65,1,GAS,TRUNK,75009,14009,,66,25.1,0530,2330
65,2,GAS,TRUNK,14009,75009,,64,24.3,0530,2400
66,1,TTS,TRUNK,28009,28009,Upp Bt Timah Rd,44,17.3,0530,2300
67,1,SMRT,TRUNK,44009,75009,,80,33.4,0530,2300
67,2,SMRT,TRUNK,75009,44009,,85,33.3,0530,2330
68,1,GAS,TRUNK,77009,77009,Tampines Ctrl 1,41,13.3,0530,2345
68A,1,GAS,TRUNK,75469,75009,,7,6.7,0641,0745
68B,1,GAS,TRUNK,75009,75461,,7,8.7,1817,1917
69,1,GAS,TRUNK,75009,75009,Bedok Nth Dr,35,14.0,0530,2330
70,1,SBST,TRUNK,55509,03239,,55,22.2,0545,1800
70,2,SBST,TRUNK,03239,55509,,57,23.5,0600,1930
70A,1,SBST,TRUNK,55509,02171,Temasek Ave,52,21.1,2315,2345
70B,1,SBST,TRUNK,55101,66359,,18,6.2,0650,0952
70M,1,SBST,TRUNK,55509,55509,Temasek Ave,104,41.9,1815,2300
71,1,SBST,TRUNK,55509,55509,Bishan St 11,42,17.1,0600,2330
71A,1,SBST,TRUNK,54189,53239,Bishan St 11,18,7.2,0653,0830
72,1,GAS,TRUNK,55509,75009,,45,17.2,0530,2330
72,2,GAS,TRUNK,75009,55509,,44,16.6,0515,2345
72A,1,GAS,TRUNK,55509,64549,,20,6.7,0621,1016
72B,1,GAS,TRUNK,55509,54481,,5,1.8,0700,1014
73,1,SBST,TRUNK,54009,54009,Lor 6 Toa Payoh,58,24.9,0530,2345
73T,1,SBST,TRUNK,54009,52009,Lor 6 Toa Payoh,29,12.4,2335,2345
74,1,SBST,TRUNK,64009,11379,,64,27.5,0530,2330
74,2,SBST,TRUNK,11379,64009,,61,27.4,0600,2320
75,1,SMRT,TRUNK,44989,10009,,56,22.5,0520,2325
75,2,SMRT,TRUNK,10009,43991,,54,22.1,0615,2345
76,1,SBST,TRUNK,55509,82009,,41,15.0,0530,2315
76,2,SBST,TRUNK,82009,55509,,43,15.8,0545,2330
77,1,TTS,TRUNK,43009,02089,,46,18.4,0600,2300
77,2,TTS,TRUNK,02101,43009,,47,18.7,0630,2330
78,1,TTS,TRUNK,29009,29009,Clementi Ave 3,59,26.2,0540,0020
78A,1,TTS,TRUNK,29009,29121,,16,6.5,0659,0747
79,1,TTS,TRUNK,29009,29009,Jurong West Ctrl 3,57,25.7,0555,2230
79T,1,TTS,TRUNK,29009,22009,,28,13.0,2248,2305
80,1,SBST,TRUNK,67759,14009,,58,23.1,0515,2330
80,2,SBST,TRUNK,14009,67759,,60,23.2,0540,0025
80A,1,SBST,TRUNK,67759,81089,,32,12.3,0555,0930
81,1,GAS,TRUNK,75009,75009,S'goon Ctrl,68,34.0,0530,2330
82,1,GAS,TRUNK,65009,65009,S'goon Ctrl,43,17.5,0515,0030
83,1,GAS,TRUNK,65009,65009,Sengkang Sq,31,13.4,0520,0005
83T,1,GAS,TRUNK,65009,67009,,16,6.8,0021,0036
84G,1,GAS,TRUNK,65009,65009,New Punggol Rd,18,7.4,0530,0035
84W,1,GAS,TRUNK,65009,65009,New Punggol Rd,18,7.6,0530,0035
85,1,GAS,TRUNK,65009,59009,,30,18.1,0530,2330
85,2,GAS,TRUNK,59009,65009,,31,17.8,0600,2330
85A,1,GAS,TRUNK,59009,67441,,19,12.0,1805,1845
86,1,SBST,TRUNK,67759,54009,,31,14.8,0515,2330
86,2,SBST,TRUNK,54009,67759,,30,15.1,0600,2330
86A,1,SBST,TRUNK,68119,55189,,18,5.7,0701,0753
86B,1,SBST,TRUNK,55181,68111,,16,5.8,1730,1825
87,1,SBST,TRUNK,67759,84009,,33,13.2,0530,2330
87,2,SBST,TRUNK,84009,67759,,32,13.3,0530,2330
88,1,SBST,TRUNK,77009,52009,,51,23.9,0530,2330
88,2,SBST,TRUNK,52009,77009,,50,23.5,0600,2340
88A,1,SBST,TRUNK,65069,54269,,27,9.6,0640,0655
88B,1,SBST,TRUNK,54261,66471,,12,3.6,0712,0825
89,1,SBST,TRUNK,64009,64009,Airport Cargo Rd,95,43.1,0530,2300
89A,1,SBST,TRUNK,65199,95039,Airport Cargo Rd,37,17.5,0556,0745
89e,1,SBST,EXPRESS,64009,95049,,25,22.3,0615,0734
89e,2,SBST,EXPRESS,95051,64009,,26,21.8,1705,1839
90,1,SBST,TRUNK,52009,52009,Airport Rd,36,16.4,0600,2330
90A,1,SBST,TRUNK,52009,71189,Airport Rd,23,9.1,0608,0850
91,1,SBST,TRUNK,11379,11379,Ayer Rajah Cres,19,6.8,0630,2000
92,1,SBST,TRUNK,11009,11009,Science Pk Dr,37,12.2,0617,2120
92A,1,SBST,TRUNK,11369,18281,,10,3.1,2139,2230
92B,1,SBST,TRUNK,15139,15131,Science Pk Dr,13,2.8,0750,0911
93,1,SBST,TRUNK,14009,82009,,55,24.5,0515,2400
93,2,SBST,TRUNK,82009,14009,,54,23.8,0550,2345
94,1,SBST,TRUNK,82009,82009,Airport Rd,26,11.1,0600,1930
94A,1,SBST,TRUNK,82009,73019,Airport Rd,14,4.9,0700,0720
95,1,SBST,TRUNK,16009,16009,Holland Rd,30,11.5,0700,2330
95B,1,SBST,TRUNK,16009,11361,,12,4.5,1741,1845
96,1,TTS,TRUNK,17009,17009,Kent Ridge Cres,15,6.8,0645,2330
96A,1,TTS,TRUNK,17009,16169,,10,4.2,0805,0935
96B,1,TTS,TRUNK,16199,17171,,8,6.6,1633,1825
97,1,TTS,TRUNK,41009,02089,,50,25.0,0520,2330
97,2,TTS,TRUNK,02101,41009,,52,26.9,0600,2350
97e,1,TTS,EXPRESS,41009,02089,,31,25.0,0705,0805
97e,2,TTS,EXPRESS,02101,41009,,32,26.9,1805,1905
98,1,TTS,TRUNK,28009,28009,Jurong Pier Way,69,26.9,0530,2400
98A,1,TTS,TRUNK,28091,21179,,11,9.5,1719,2015
98B,1,TTS,TRUNK,28501,21099,,27,13.9,0607,0847
98M,1,TTS,TRUNK,28009,28009,Corporation Rd,48,19.1,0932,1630
99,1,SBST,TRUNK,17009,24009,,46,17.0,0530,2400
99,2,SBST,TRUNK,24009,17009,,45,16.8,0545,2400
100,1,SBST,TRUNK,66009,11009,,57,24.7,0530,2345
100,2,SBST,TRUNK,11009,66009,,54,23.3,0600,2400
100A,1,SBST,TRUNK,66009,81089,,13,4.8,0630,1942
101,1,SBST,TRUNK,66009,66009,Buangkok Cres,46,15.7,0515,2400
102,1,SBST,TRUNK,64009,64009,Seletar Aerospace Dr,60,26.9,0530,2330
102A,1,SBST,TRUNK,67409,67991,,11,4.3,1836,1907
102B,1,SBST,TRUNK,67999,67401,,11,4.1,0650,0750
103,1,SBST,TRUNK,66009,59009,,41,18.0,0600,0015
103,2,SBST,TRUNK,59009,66009,,45,17.7,0600,2400
104,1,GAS,TRUNK,69009,68009,,40,17.2,0530,2330
104,2,GAS,TRUNK,68009,69009,,40,17.3,0530,2330
105,1,SBST,TRUNK,66009,28009,,57,26.2,0545,2400
105,2,SBST,TRUNK,28009,66009,,57,25.9,0545,2345
105B,1,SBST,TRUNK,28009,17179,,13,5.7,0653,0721
106,1,TTS,TRUNK,43009,03239,,48,21.6,0530,2330
106,2,TTS,TRUNK,03239,43009,,49,22.3,0600,2330
106A,1,TTS,TRUNK,43009,17179,,12,5.1,0746,0845
107,1,SBST,TRUNK,64009,03239,,41,16.0,0530,1930
107,2,SBST,TRUNK,03239,64009,,41,18.1,0545,1930
107M,1,SBST,TRUNK,64009,02159,,38,14.5,1950,2315
107M,2,SBST,TRUNK,02089,64009,,36,15.1,2010,0005
109,1,SBST,TRUNK,66009,99009,,51,22.0,0545,2330
109,2,SBST,TRUNK,99009,66009,,52,22.0,0600,2330
109A,1,SBST,TRUNK,66009,64611,,15,5.2,1810,2011
110,1,SMRT,TRUNK,63009,63009,PTB2 Basement,32,40.7,0530,2345
111,1,SBST,TRUNK,11009,11009,Temasek Ave,55,23.9,0600,2400
112,1,SBST,TRUNK,64009,64009,Hougang St 92,47,18.3,0515,0030
112A,1,SBST,TRUNK,64009,63031,,12,4.9,0015,0030
112B,1,SBST,TRUNK,64009,64309,,6,2.1,1738,1913
113,1,SBST,TRUNK,64009,64009,Upp Paya Lebar Rd,44,16.7,0520,0010
113A,1,SBST,TRUNK,63039,63031,Upp Paya Lebar Rd,20,6.8,0631,1930
114,1,SBST,TRUNK,63009,55509,,28,11.1,0530,2330
114,2,SBST,TRUNK,55509,63009,,26,11.0,0530,2330
114A,1,SBST,TRUNK,63009,66561,,8,3.1,0630,0035
115,1,SBST,TRUNK,63221,63221,Hougang Ave 3,13,4.7,0715,2000
116,1,SBST,TRUNK,64009,64009,S'goon Ctrl,37,13.0,0545,2330
116A,1,SBST,TRUNK,66439,66359,,11,3.9,0706,0808
117,1,SBST,TRUNK,69009,58009,,46,23.3,0815,2330
117,2,SBST,TRUNK,58009,69009,,47,22.5,0815,2330
117A,1,SBST,TRUNK,59779,59041,,10,3.9,0642,0801
117M,1,SBST,TRUNK,69009,58009,,47,24.1,0520,1900
117M,2,SBST,TRUNK,58009,69009,,48,23.3,0530,1900
118,1,GAS,TRUNK,65009,97009,,26,16.0,0545,2330
118,2,GAS,TRUNK,97009,65009,,25,16.5,0545,2330
118A,1,GAS,TRUNK,65009,96119,,21,13.2,0749,0801
118B,1,GAS,TRUNK,96111,65191,,16,13.7,1608,1733
119,1,GAS,TRUNK,65009,65009,Hougang St 21,48,18.3,0500,2330
120,1,SBST,TRUNK,10499,10499,Telok Blangah Hts,49,19.7,0555,2330
121,1,SBST,TRUNK,03239,03239,Telok Blangah Rise,43,17.1,0550,2330
122,1,SBST,TRUNK,10499,10499,C'wealth Dr,39,16.7,0555,2330
123,1,SBST,TRUNK,10009,14539,,43,21.3,0545,2345
123,2,SBST,TRUNK,14539,10009,,45,19.8,0600,2345
123M,1,SBST,TRUNK,14009,14009,Tiong Bahru Rd,25,10.6,0550,0005
124,1,SBST,TRUNK,52499,14009,,47,18.5,0530,2400
124,2,SBST,TRUNK,14009,52499,,43,17.7,0530,2400
125,1,SBST,TRUNK,52499,52499,Sims Dr,48,17.7,0600,2300
125A,1,SBST,TRUNK,81081,60219,,8,2.4,0727,0819
127,1,GAS,TRUNK,75009,75009,Tampines Ind Ave 5,22,8.5,0530,0050
127A,1,GAS,TRUNK,75009,75519,,6,1.8,2350,0050
129,1,GAS,TRUNK,74009,52499,,39,22.4,0535,2320
129,2,GAS,TRUNK,52499,74009,,41,22.5,0545,2330
129A,1,SBST,TRUNK,75229,62071,,5,7.3,0714,1833
129B,1,SBST,TRUNK,62099,75221,,7,7.8,0747,1909
130,1,SBST,TRUNK,54009,03239,,42,16.0,0530,2330
130,2,SBST,TRUNK,03239,54009,,38,16.2,0600,2330
131,1,SBST,TRUNK,52499,10009,,50,20.5,0545,2330
131,2,SBST,TRUNK,10009,52499,,48,20.1,0545,2400
131A,1,SBST,TRUNK,52499,03217,,31,11.3,0650,0721
132,1,SBST,TRUNK,64009,10009,,56,24.4,0530,2330
132,2,SBST,TRUNK,10009,64009,,54,23.6,0545,2345
133,1,SBST,TRUNK,54009,03239,,44,17.9,0530,2345
133,2,SBST,TRUNK,03239,54009,,41,17.8,0630,2400
134,1,SBST,TRUNK,80289,80289,Marine Terr,36,14.1,0600,2345
135,1,SBST,TRUNK,54009,83321,,46,16.7,0530,2330
135,2,SBST,TRUNK,83321,54009,,48,17.8,0540,2330
136,1,GAS,TRUNK,54009,65009,,40,16.2,0545,2330
136,2,GAS,TRUNK,65009,54009,,41,17.0,0545,2345
137,1,SBST,TRUNK,80289,94009,,45,18.5,0600,2330
137,2,SBST,TRUNK,94009,80289,,48,18.9,0600,2330
137A,1,SBST,TRUNK,84031,84451,,11,4.3,0718,0807
138,1,SBST,TRUNK,54009,54009,Mandai Lake Rd,59,27.2,0600,2345
138A,1,SBST,TRUNK,56091,48131,Mandai Lake Rd,14,13.6,0714,0757
138C,1,SBST,TRUNK,48131,56099,Mandai Lake Rd,14,7.3,-,-
138M,1,SBST,TRUNK,54009,54009,Ang Mo Kio Ave 6,6,2.9,0730,1700
139,1,SBST,TRUNK,52009,10009,,45,17.7,0530,2400
139,2,SBST,TRUNK,10009,52009,,41,17.0,0530,2400
139A,1,SBST,TRUNK,52009,52109,,9,4.0,1845,1940
140,1,SBST,TRUNK,80009,80009,St. Wilfred Rd,28,9.9,0550,2330
141,1,SBST,TRUNK,80009,52009,,26,9.4,0600,2330
141,2,SBST,TRUNK,52009,80009,,27,9.8,0600,2345
142,1,SBST,TRUNK,52009,52009,Potong Pasir Ave 1,21,8.4,0600,0005
142A,1,SBST,TRUNK,52009,60209,Potong Pasir Ave 1,16,5.6,0628,0644
143,1,TTS,TRUNK,52009,28009,,74,29.0,0530,2330
143,2,TTS,TRUNK,28009,52009,,75,28.8,0525,2330
143M,1,TTS,TRUNK,28009,28009,Pandan Gdns,28,9.6,0530,0115
145,1,SBST,TRUNK,52009,11379,,55,21.0,0530,2400
145,2,SBST,TRUNK,11379,52009,,55,21.4,0530,2330
145A,1,SBST,TRUNK,10209,14249,,7,1.8,0712,0915
146,1,SBST,TRUNK,68009,68009,,36,15.1,0600,2400
147,1,SBST,TRUNK,64009,17009,,75,27.9,0530,2330
147,2,SBST,TRUNK,17009,64009,,71,27.2,0545,2345
147A,1,SBST,TRUNK,64009,05019,,47,16.3,0711,1003
148,1,SBST,TRUNK,68009,68009,Potong Pasir Ave 1,16,6.8,0600,2400
150,1,SBST,TRUNK,82009,82009,Marine Terr,21,7.8,0600,2330
151,1,SBST,TRUNK,64009,16009,,54,25.2,0545,2300
151,2,SBST,TRUNK,16009,64009,,53,25.7,0615,2300
153,1,SBST,TRUNK,10009,64009,,45,20.1,0600,2400
153,2,SBST,TRUNK,64009,10009,,45,20.3,0530,2345
154,1,SBST,TRUNK,22009,82009,,67,32.0,0530,0020
154,2,SBST,TRUNK,82009,22009,,73,33.8,0500,2330
154A,1,SBST,TRUNK,21551,28091,,9,31.9,0604,0816
154B,1,SBST,TRUNK,22009,12101,,32,14.6,0625,0747
155,1,SBST,TRUNK,52009,84009,,54,21.2,0600,2400
155,2,SBST,TRUNK,84009,52009,,58,22.0,0540,2330
156,1,SBST,TRUNK,63009,17009,,62,24.8,0515,2335
156,2,SBST,TRUNK,17009,63009,,56,24.8,0530,2330
157,1,SBST,TRUNK,52009,22009,,58,25.5,0510,2330
157,2,SBST,TRUNK,22009,52009,,56,24.7,0530,2400
158,1,SBST,TRUNK,66009,66009,Rhu Cross,69,25.8,0545,2330
158A,1,SBST,TRUNK,81089,81081,Rhu Cross,29,11.4,0634,0828
159,1,SBST,TRUNK,67009,52009,,40,15.3,0530,2345
159,2,SBST,TRUNK,52009,67009,,41,16.5,0553,2345
159A,1,SBST,TRUNK,67009,54399,,25,8.0,0625,0905
159B,1,SBST,TRUNK,54391,54481,,5,1.6,0640,0827
160,1,SBST,TRUNK,29009,29009,Jln Jim Quee,80,50.0,0525,2400
160A,1,SBST,TRUNK,29009,43671,,12,5.1,0624,2008
161,1,SBST,TRUNK,64009,46009,,23,23.6,0545,2330
161,2,SBST,TRUNK,46009,64009,,24,23.5,0545,2330
162,1,SBST,TRUNK,55509,55509,,57,21.6,0530,2330
163,1,SBST,TRUNK,67009,52009,,51,19.7,0530,0035
163,2,SBST,TRUNK,52009,67009,,48,19.2,0545,2330
163A,1,SBST,TRUNK,67009,67651,,17,5.6,2346,0035
163B,1,SBST,TRUNK,67009,55019,,28,10.1,0617,0846
165,1,SBST,TRUNK,64009,17009,,60,24.6,0530,2320
165,2,SBST,TRUNK,17009,64009,,57,23.7,0545,2400
166,1,SBST,TRUNK,54009,17009,,68,29.1,0530,2315
166,2,SBST,TRUNK,17009,54009,,66,28.4,0530,2345
167,1,TTS,TRUNK,58009,10009,,71,30.3,0530,2330
167,2,TTS,TRUNK,10009,58009,,70,30.0,0545,2345
168,1,SBST,TRUNK,84009,46009,,27,30.8,0530,2330
168,2,SBST,TRUNK,46009,84009,,27,29.9,0530,2330
168A,1,SBST,TRUNK,46009,76149,,15,25.1,0625,1723
169,1,TTS,TRUNK,46009,54009,,55,23.7,0530,2345
169,2,TTS,TRUNK,54009,46009,,55,23.2,0530,2345
169A,1,TTS,TRUNK,46009,59073,,28,11.8,0652,0659
169B,1,TTS,TRUNK,46009,46711,,9,3.7,0729,0742
170,1,SBST,TRUNK,01109,46239,,66,34.3,0520,0010
170,2,SBST,TRUNK,46239,01109,,64,34.2,0520,0030
170X,1,SBST,TRUNK,45131,47711,,8,10.9,0537,2337
170X,2,SBST,TRUNK,47711,45139,,8,11.4,0828,2400
171,1,TTS,TRUNK,59009,59009,Upp Bt Timah Rd,39,31.2,0530,2330
172,1,SMRT,TRUNK,44009,22009,,31,14.7,0530,2330
172,2,SMRT,TRUNK,22009,44009,,30,14.3,0530,2330
173,1,TTS,TRUNK,43009,17009,,32,13.5,0530,2330
173,2,TTS,TRUNK,17009,43009,,32,13.9,0545,0020
173A,1,TTS,TRUNK,43009,43169,,8,2.9,2355,0110
174,1,SBST,TRUNK,22009,10499,,60,28.9,0530,2330
174,2,SBST,TRUNK,10499,22009,,63,28.6,0540,2345
174e,1,SBST,EXPRESS,22009,10499,,34,29.0,0652,0744
174e,2,SBST,EXPRESS,10499,22009,,36,28.8,1751,1845
175,1,SBST,TRUNK,17009,80009,,56,24.5,0600,2330
175,2,SBST,TRUNK,80009,17009,,61,24.6,0600,2330
176,1,SMRT,TRUNK,45009,10009,,59,22.3,0530,2335
176,2,SMRT,TRUNK,10009,45009,,60,22.9,0545,2330
177,1,TTS,TRUNK,43009,43009,Jelebu Rd,27,11.8,0550,0840
178,1,SMRT,TRUNK,46009,22009,,70,29.8,0530,2330
178,2,SMRT,TRUNK,22009,46009,,72,30.3,0545,2330
178A,1,SMRT,TRUNK,46009,45139,,13,4.9,0536,0752
179,1,SMRT,TRUNK,22009,22009,Nanyang Dr,24,9.6,0600,2400
179A,1,SMRT,TRUNK,22009,22009,Nanyang Dr,12,9.7,0730,0930
179B,1,SMRT,TRUNK,27281,22529,,11,5.2,1505,2000
180,1,SMRT,TRUNK,22009,22009,Bt Panjang Rd,47,21.3,0550,2345
180A,1,SMRT,TRUNK,22009,44259,,25,11.1,1824,2345
181,1,SMRT,TRUNK,22009,41009,,15,8.7,0600,0040
181,2,SMRT,TRUNK,41009,22009,,15,8.4,0600,0040
181A,1,SMRT,TRUNK,22009,27469,,9,3.3,1730,2028
181M,1,SMRT,TRUNK,22009,22009,Jurong West St 23,18,7.2,0630,0800
182,1,SMRT,TRUNK,24009,24009,Tuas Sth Ave 9,58,29.8,0545,2200
182A,1,SMRT,TRUNK,25421,26269,,9,3.4,-,-
182M,1,SMRT,TRUNK,24009,24009,Tuas Sth Ave 9,57,29.0,0925,2315
183,1,TTS,TRUNK,28009,28009,Science Pk Rd,58,22.8,0600,2330
183B,1,TTS,TRUNK,28009,28189,,11,4.2,0759,0855
184,1,SMRT,TRUNK,44989,43991,C'wealth Ave West,56,23.5,0536,2301
185,1,SMRT,TRUNK,22609,11379,,37,18.6,0542,2312
185,2,SMRT,TRUNK,11379,22609,,37,18.3,0559,2259
186,1,SBST,TRUNK,03239,52499,,43,18.4,0600,2400
186,2,SBST,TRUNK,52499,03239,,46,17.5,0600,2345
187,1,SMRT,TRUNK,46009,22009,,40,24.4,0520,2330
187,2,SMRT,TRUNK,22009,46009,,40,24.1,0540,2400
188,1,SMRT,TRUNK,44009,14009,,57,22.0,0530,2300
188,2,SMRT,TRUNK,14009,44009,,54,22.2,0600,2330
188e,1,SMRT,EXPRESS,44009,14009,,28,22.0,0708,0723
189,1,TTS,TRUNK,43009,43009,Clementi Ave 1,32,16.3,0545,2315
189A,1,TTS,TRUNK,43009,43319,,8,2.9,0700,0905
190,1,SMRT,TRUNK,44009,10499,,34,22.9,0530,2330
190,2,SMRT,TRUNK,10499,44009,,31,22.3,0555,2330
190A,1,SMRT,TRUNK,44009,08057,,21,18.5,0535,0746
191,1,SBST,TRUNK,11379,11379,Portsdown Rd,20,7.5,0630,2010
192,1,SMRT,TRUNK,22009,25009,,33,14.2,0545,2330
192,2,SMRT,TRUNK,25009,22009,,33,12.9,0630,2400
193,1,SMRT,TRUNK,22009,25009,,44,16.3,0545,2330
193,2,SMRT,TRUNK,25009,22009,,43,16.1,0650,2400
194,1,SMRT,TRUNK,22009,22009,Jln Ahmad Ibrahim,8,9.0,0545,2345
195,1,SBST,TRUNK,02101,02089,C'wealth Ave,67,28.6,0601,2331
195A,1,SBST,TRUNK,02101,10169,C'wealth Ave,54,22.8,1607,1617
196,1,SBST,TRUNK,84009,17009,,68,31.6,0530,2315
196,2,SBST,TRUNK,17009,84009,,67,31.0,0545,2345
196A,1,SBST,TRUNK,84009,03218,,34,15.6,0658,0658
196e,1,SBST,EXPRESS,93049,03218,,18,13.0,0756,0820
196e,2,SBST,EXPRESS,03222,93041,,17,13.5,1818,1842
197,1,SBST,TRUNK,84009,28009,,69,31.4,0530,2345
197,2,SBST,TRUNK,28009,84009,,66,31.6,0545,2400
198,1,SBST,TRUNK,22009,10009,,44,19.7,0530,2345
198,2,SBST,TRUNK,10009,22009,,44,20.8,0530,2345
198A,1,SBST,TRUNK,22009,28459,,13,4.7,1718,2018
199,1,SMRT,TRUNK,22009,22009,Nanyang Cres,27,11.1,0600,2400
200,1,SBST,TRUNK,11379,11379,Clementi Rd,45,16.1,0600,2355
200A,1,SBST,TRUNK,11379,16009,Clementi Rd,23,8.2,2355,2355
201,1,SBST,TRUNK,16009,16009,Pandan Gdns,38,17.4,0545,2330
222,1,SBST,FEEDER,84009,84009,Chai Chee Dr,30,11.1,0505,0040
222A,1,SBST,FEEDER,84009,84039,,11,3.9,0559,0656
222B,1,SBST,FEEDER,84039,84031,Chai Chee Dr,10,3.7,0700,1955
225G,1,SBST,FEEDER,84009,84009,Bedok Nth St 3,11,3.2,0505,0040
225W,1,SBST,FEEDER,84009,84009,Bedok Nth St 3,9,3.3,0515,2400
228,1,SBST,FEEDER,84009,84009,Bedok Reservoir Rd,30,10.6,0530,0040
229,1,SBST,FEEDER,84009,84009,Bedok Sth Rd,24,9.7,0545,0040
230,1,SBST,FEEDER,52559,52581,Lor 8 Toa Payoh,31,10.4,0500,0030
230M,1,SBST,FEEDER,52009,52009,,12,3.9,0630,2100
231,1,SBST,FEEDER,52009,52009,Lor 5 Toa Payoh,18,6.1,0505,0030
232,1,SBST,FEEDER,52009,52009,Toa Payoh East,20,6.6,0500,0035
235,1,SBST,FEEDER,52009,52009,Toa Payoh Lk,25,9.0,0515,0030
238,1,SBST,FEEDER,52009,52009,Lor 8 Toa Payoh,20,6.6,0515,0045
240,1,SMRT,FEEDER,22009,22009,Jln Ahmad Ibrahim,38,15.3,0530,0040
240A,1,SMRT,FEEDER,21581,28091,Boon Lay Way,6,1.8,0601,0834
240M,1,SMRT,FEEDER,28091,28099,Jurong West St 64,17,7.2,0600,1830
241,1,SMRT,FEEDER,22009,22009,Jurong West St 91,18,6.1,0600,0040
241A,1,SMRT,FEEDER,27271,22529,Jurong West St 91,9,2.5,0605,0923
242,1,SMRT,FEEDER,22009,22009,Jurong West Ave 5,15,5.7,0600,0040
243G,1,SMRT,FEEDER,22009,22009,Jurong West Ave 5,15,5.1,0555,0040
243W,1,SMRT,FEEDER,22009,22009,Jurong West Ave 5,15,5.1,0555,0040
246,1,SMRT,TRUNK,22009,22009,Boon Lay Dr,45,16.9,0545,2330
247,1,SMRT,TRUNK,25009,25009,Tuas Bay Link,51,21.3,0550,2315
248,1,SMRT,TRUNK,25009,25009,Tuas Sth Ave 14,33,22.4,0600,2255
248M,1,SMRT,TRUNK,25009,25009,Tuas Sth Way,34,24.8,0610,2315
249,1,SMRT,TRUNK,22009,22009,Jln Samulun,38,15.6,0545,2330
249A,1,SMRT,TRUNK,22009,22331,Tg Kling Rd,17,7.2,0630,0825
251,1,SMRT,TRUNK,22009,22009,Shipyard Rd,32,13.0,0545,2325
252,1,SMRT,TRUNK,22009,22009,Joo Koon Rd,37,15.9,0540,2320
253,1,SMRT,TRUNK,24009,24009,Benoi Rd,24,10.9,0545,2330
254,1,SMRT,TRUNK,24009,24009,Tuas Ave 11,32,17.0,0545,2315
255,1,SMRT,TRUNK,24009,24009,Gul Cres,24,8.8,0545,2315
257,1,SMRT,TRUNK,24009,24009,Pioneer Sector 2,39,14.6,0545,2330
258,1,SMRT,TRUNK,24009,24009,Jurong West St 64,41,17.5,0600,2345
258M,1,SMRT,TRUNK,24009,24009,Boon Lay Pl,48,21.0,-,-
261,1,SBST,FEEDER,54009,54009,Ang Mo Kio Ave 10,14,4.8,0510,0105
262,1,SBST,FEEDER,54009,54009,Ang Mo Kio Ave 2,24,8.6,0530,0100
265,1,SBST,FEEDER,55231,55311,,41,16.1,0530,0040
268,1,SBST,FEEDER,55239,55231,Ang Mo Kio Ave 5,46,16.8,0525,0010
268A,1,SBST,FEEDER,55239,54659,Ang Mo Kio Ave 5,24,8.5,0645,0747
268B,1,SBST,FEEDER,55309,54261,,11,3.9,0642,1921
268C,1,SBST,FEEDER,54269,55301,,11,3.9,0703,1850
269,1,SBST,FEEDER,54009,54009,Ang Mo Kio St 61,22,8.5,0530,0105
269A,1,SBST,FEEDER,54009,55169,Ang Mo Kio St 61,12,4.0,1614,2337
272,1,SBST,FEEDER,10009,10009,Telok Blangah Rise,14,4.0,0530,2400
273,1,SBST,FEEDER,10009,10009,Henderson Rd,14,4.8,0545,2400
282,1,TTS,FEEDER,17009,17009,Clementi West St 2,12,5.8,0535,0030
284,1,TTS,FEEDER,17009,17009,Clementi Ave 4,5,1.8,0555,0030
285,1,TTS,FEEDER,17009,17009,Pandan Loop,19,7.8,0555,0030
291,1,GAS,FEEDER,75009,75009,Tampines St 81,29,10.6,0530,0050
292,1,GAS,FEEDER,75009,75009,Tampines St 22,15,6.6,0510,0050
293,1,GAS,FEEDER,75009,75009,Tampines St 71,41,15.1,0500,0050
296,1,GAS,FEEDER,75009,75009,Tampines Nth Dr 2,20,7.6,0515,0050
298,1,GAS,FEEDER,74009,74009,Tampines Ave 5,38,14.0,0515,0030
299,1,GAS,FEEDER,74009,74009,Tampines St 96,24,9.4,0530,0030
300,1,SMRT,FEEDER,44009,44009,Choa Chu Kang Ave 3,15,5.8,0530,0105
301,1,SMRT,FEEDER,44009,44009,Keat Hong Cl,17,5.5,0530,0105
302,1,SMRT,FEEDER,44009,44009,Choa Chu Kang Cres,22,8.1,0530,0105
302A,1,SMRT,FEEDER,45321,45329,,8,2.3,0607,1921
307,1,SMRT,FEEDER,44009,44009,Choa Chu Kang St 62,32,11.9,0530,0105
307A,1,SMRT,FEEDER,44009,44531,Choa Chu Kang St 62,18,6.6,0616,0105
307T,1,SMRT,FEEDER,44531,44009,,15,5.3,0650,2251
315,1,SBST,FEEDER,66009,66009,S'goon Nth Ave 5,32,13.2,0530,0050
317,1,SBST,FEEDER,66009,66009,Berwick Dr,32,9.6,0530,0050
324,1,SBST,FEEDER,64009,64009,Upp Serangoon View,9,4.2,0545,0030
325,1,SBST,FEEDER,64009,64009,Hougang St 91,32,12.3,0545,0030
329,1,SBST,FEEDER,64009,64009,Buangkok Cres,24,6.8,0545,0030
333,1,TTS,FEEDER,28009,28009,Jurong East St 32,20,8.4,0530,0115
334,1,TTS,FEEDER,28009,28009,Jurong West St 42,26,9.3,0530,0115
335,1,TTS,FEEDER,28009,28009,Jurong West St 41,31,10.4,0530,0115
354,1,GAS,FEEDER,77009,77009,Jln Loyang Besar,12,4.5,0600,0050
358,1,GAS,FEEDER,77009,77009,Pasir Ris Dr 10,23,8.5,0530,0055
359,1,GAS,FEEDER,77009,77009,Pasir Ris St 71,38,13.8,0530,0055
371,1,SBST,FEEDER,67009,67009,Rivervale Cres,12,4.7,0545,0035
372,1,SBST,FEEDER,67759,67759,Punggol Rd,23,7.8,0515,0035
374,1,SBST,FEEDER,67759,67759,Fernvale Rd,20,8.3,0545,0035
381,1,GAS,FEEDER,65009,69009,,22,8.7,0545,0035
381,2,GAS,FEEDER,69009,65009,,22,9.0,0545,0035
382,1,GAS,FEEDER,65009,65009,Sumang Walk,14,5.3,0535,0035
382,2,GAS,FEEDER,65009,65009,Sumang Walk,14,5.3,0535,0035
382A,1,GAS,FEEDER,65009,65531,,7,2.2,1917,1941
382G,1,GAS,FEEDER,65009,65009,Sumang Walk,15,5.4,0535,0035
382W,1,GAS,FEEDER,65009,65009,Sumang Walk,15,5.3,0535,0035
384,1,GAS,FEEDER,65009,65009,Northshore Dr,14,6.0,0545,0035
386,1,GAS,FEEDER,65009,65009,Punggol Ctrl,20,10.3,0545,0035
386A,1,GAS,FEEDER,65009,65371,,7,3.1,1703,2015
400,1,SBST,TRUNK,03239,03239,Marina Coastal Dr,21,11.4,0600,2340
401,1,SBST,TRUNK,84009,84009,Fort Rd,44,25.5,-,-
403,1,GAS,TRUNK,77009,77009,Pasir Ris Rd,23,6.9,0600,2400
405,1,SMRT,TRUNK,22009,22009,Old Choa Chu Kang Rd,27,13.2,0700,1700
410G,1,SBST,FEEDER,53009,53009,Shunfu Rd,24,9.8,0545,0045
410W,1,SBST,FEEDER,53009,53009,Shunfu Rd,22,9.2,0545,0045
451,1,SMRT,TRUNK,44889,43579,,9,4.7,0610,0840
451,2,SMRT,TRUNK,43571,44881,,9,4.9,1730,2000
452,1,TTS,TRUNK,41009,42151,,10,9.3,0600,0930
452,2,TTS,TRUNK,42151,41009,,10,8.5,1730,2100
453,1,TTS,TRUNK,41009,43009,,10,5.3,0600,0930
453,2,TTS,TRUNK,43009,41009,,9,5.0,1730,2100
454,1,GAS,TRUNK,74009,74009,Tampines Street 86,18,12.5,0630,1930
455,1,SMRT,TRUNK,45009,45009,Choa Chu Kang Cres,13,10.5,0630,1945
456,1,SBST,TRUNK,52499,52499,,14,7.8,0630,1945
457,1,SBST,TRUNK,64549,70281,,4,6.8,0630,0830
457,2,SBST,TRUNK,70289,64541,,4,6.6,1730,1930
458,1,SBST,TRUNK,67401,70281,,8,9.4,0630,0830
458,2,SBST,TRUNK,70289,67409,,7,9.0,1730,1930
459,1,GAS,TRUNK,65251,70281,,6,10.9,0630,0830
459,2,GAS,TRUNK,70289,65259,,6,11.1,1730,1930
460,1,GAS,TRUNK,75009,75009,Tampines Nth Dr 2,10,6.8,0630,2000
461,1,TTS,TRUNK,59591,59041,,4,5.1,0630,1000
461,2,TTS,TRUNK,59049,59599,,4,4.7,1645,2015
502,1,SMRT,EXPRESS,22609,22609,Central Blvd,78,56.0,0552,2157
502A,1,SMRT,EXPRESS,22609,03529,,32,31.3,0716,0756
506,1,SBST,EXPRESS,28009,66009,,30,23.2,0600,2200
506,2,SBST,EXPRESS,66009,28009,,30,24.0,0620,2345
518,1,GAS,EXPRESS,77009,77009,Bayfront Ave,90,59.2,0600,2200
518A,1,GAS,EXPRESS,77009,03519,,40,32.5,0700,0730
646,1,GAS,CITY_LINK,75531,03218,,19,26.9,0710,0735
646,2,GAS,CITY_LINK,03222,75539,,20,26.3,1815,1830
647,1,SMRT,CITY_LINK,43581,02161,,22,23.2,0725,0745
647,2,SMRT,CITY_LINK,02151,43589,,24,24.0,1815,1830
648,1,SMRT,CITY_LINK,46449,03218,,19,29.0,0715,0750
648,2,SMRT,CITY_LINK,03222,46441,,19,29.5,1815,1830
649,1,SMRT,CITY_LINK,44589,03391,,22,26.1,0725,0745
649,2,SMRT,CITY_LINK,03539,44581,,21,26.4,1815,1830
650,1,SBST,CITY_LINK,59581,03218,,18,25.3,0710,0750
650,2,SBST,CITY_LINK,03222,59579,,18,25.9,1815,1830
651,1,TTS,CITY_LINK,27461,03391,,15,25.1,0730,0745
651,2,TTS,CITY_LINK,03539,27469,,14,25.7,1815,1830
652,1,SBST,CITY_LINK,56021,03218,,25,18.9,0725,0750
652,2,SBST,CITY_LINK,03241,56029,,26,18.8,1810,1825
653,1,TTS,CITY_LINK,43811,03391,,20,21.8,0715,0748
653,2,TTS,CITY_LINK,03539,43268,,19,21.5,1815,1830
654,1,SBST,CITY_LINK,67649,03218,,15,22.1,0725,0800
654,2,SBST,CITY_LINK,03241,67641,,15,21.9,1810,1840
655,1,SBST,CITY_LINK,20129,03391,,22,17.2,0730,0750
655,2,SBST,CITY_LINK,03539,20121,,21,17.7,1820,1835
656,1,TTS,CITY_LINK,58121,03218,,17,28.3,0720,0740
656,2,TTS,CITY_LINK,03241,58129,,18,28.6,1810,1825
657,1,TTS,CITY_LINK,28539,03391,,18,20.7,0730,0745
657,2,TTS,CITY_LINK,03539,28531,,17,21.1,1815,1830
660,1,SBST,CITY_LINK,66481,03218,,17,17.9,0725,0758
660,2,SBST,CITY_LINK,03241,66489,,19,18.0,1820,1835
660M,1,SBST,CITY_LINK,66601,03218,,20,18.5,0726,0800
660M,2,SBST,CITY_LINK,03241,66609,,22,18.8,1805,1825
661,1,GAS,CITY_LINK,78111,03391,,13,25.8,0730,0750
661,2,GAS,CITY_LINK,03539,78119,,12,24.7,1810,1825
663,1,TTS,CITY_LINK,59591,03218,,21,26.0,0720,0750
663,2,TTS,CITY_LINK,03241,59599,,23,26.3,1815,1830
665,1,SMRT,EXPRESS,46141,03218,,22,30.5,0700,0740
665,2,SMRT,EXPRESS,03241,46149,,23,30.7,1815,1830
666,1,GAS,CITY_LINK,65309,02089,,22,30.1,0725,0745
666,2,GAS,CITY_LINK,02151,65301,,21,30.5,1758,1813
667,1,SBST,CITY_LINK,17201,03391,,14,14.2,0745,0800
667,2,SBST,CITY_LINK,03539,17201,,12,14.4,1820,1835
668,1,SBST,CITY_LINK,54469,03391,,19,20.6,0730,0750
668,2,SBST,CITY_LINK,03539,54461,,19,20.5,1810,1825
670,1,TTS,CITY_LINK,59219,03391,,20,28.3,0720,0740
670,2,TTS,CITY_LINK,03539,59211,,19,28.8,1810,1825
671,1,SBST,CITY_LINK,65011,02089,,22,25.4,0715,0750
671,2,SBST,CITY_LINK,02151,65019,,21,26.1,1725,1824
672,1,SBST,CITY_LINK,64431,02089,,22,25.4,0720,0750
672,2,SBST,CITY_LINK,02151,64561,,21,25.2,1753,1823
673,1,GAS,CITY_LINK,65631,02141,,20,29.3,0725,0740
673,2,GAS,CITY_LINK,02149,65639,,21,29.5,1800,1815
674,1,TTS,CITY_LINK,40451,03391,,13,21.2,0715,0800
674,2,TTS,CITY_LINK,03539,40459,,12,21.3,1730,1830
675,1,SBST,CITY_LINK,64119,02141,,19,24.1,0735,0750
675,2,SBST,CITY_LINK,02149,64111,,19,23.3,1810,1825
676,1,SBST,CITY_LINK,64409,02141,,20,21.3,0735,0750
676,2,SBST,CITY_LINK,02149,64401,,20,22.3,1810,1825
677,1,SBST,CITY_LINK,65021,02141,,26,28.5,0730,0745
677,2,SBST,CITY_LINK,02149,65029,,26,27.8,1805,1820
678,1,GAS,CITY_LINK,65269,02141,,21,28.1,0725,0740
678,2,GAS,CITY_LINK,02149,65261,,21,27.3,1800,1815
679,1,SBST,CITY_LINK,67559,02141,,20,23.5,0725,0755
679,2,SBST,CITY_LINK,02149,67551,,19,23.8,1800,1815
680,1,SBST,CITY_LINK,66601,08058,,20,16.8,0740,0755
680,2,SBST,CITY_LINK,08041,66609,,22,17.2,1805,1820
681,1,SBST,CITY_LINK,64409,50111,,20,21.7,0730,0745
681,2,SBST,CITY_LINK,50119,64401,,19,21.2,1805,1820
682,1,SBST,CITY_LINK,67349,08058,,18,19.5,0730,0800
682,2,SBST,CITY_LINK,08041,67341,,20,19.8,1800,1815
683,1,GAS,CITY_LINK,65269,50111,,26,26.1,0720,0735
683,2,GAS,CITY_LINK,50119,65261,,24,25.6,1800,1815
684,1,SMRT,CITY_LINK,44889,03391,,18,23.5,0730,0745
684,2,SMRT,CITY_LINK,03539,44881,,15,23.5,1810,1825
800,1,SBST,FEEDER,59009,59009,Sembawang Rd,22,8.2,0530,0055
801,1,TTS,FEEDER,59009,59009,Yishun Ave 1,22,7.8,0520,0055
803,1,SBST,FEEDER,59009,59009,Yishun Ave 6,12,4.2,0520,0055
804,1,SBST,FEEDER,59009,59009,,23,8.5,0520,0055
805,1,SBST,FEEDER,59009,59009,,18,6.4,0520,0055
806,1,SBST,FEEDER,59009,59009,Yishun Ave 6,18,6.5,0520,0055
807,1,SBST,FEEDER,59009,59009,Yishun Ave 5,38,13.1,0520,0055
807A,1,SBST,FEEDER,59009,59569,,14,4.6,0515,0902
807B,1,SBST,FEEDER,59009,59309,,18,5.8,0621,0651
807C,1,SBST,FEEDER,59561,59631,,6,1.8,1812,2144
811,1,SBST,FEEDER,59009,59009,Yishun Ave 5,43,16.6,0520,0055
811A,1,SBST,FEEDER,59009,59159,Sembawang Rd,15,5.3,1705,2001
812,1,SBST,FEEDER,59009,59009,Yishun Ave 4,34,12.8,0530,0055
825,1,TTS,TRUNK,55509,55509,Lentor Loop,15,5.7,0630,2045
831G,1,TTS,FEEDER,41009,41009,Tengah Gdn Ave,10,4.8,0510,2400
831W,1,TTS,FEEDER,41009,41009,Tengah Gdn Ave,11,4.6,0510,2400
851,1,SBST,TRUNK,59009,10009,,57,23.5,0530,2340
851,2,SBST,TRUNK,10009,59009,,52,23.1,0540,2345
851e,1,SBST,EXPRESS,59009,05019,,24,21.1,0630,1200
851e,2,SBST,EXPRESS,05012,59009,,21,20.6,1530,2200
852,1,SBST,TRUNK,59009,43009,,50,23.2,0520,2330
852,2,SBST,TRUNK,43009,59009,,47,23.5,0540,2345
853,1,TTS,TRUNK,59009,80009,,43,19.8,0540,2330
853,2,TTS,TRUNK,80009,59009,,44,20.5,0540,2330
853M,1,TTS,TRUNK,59009,94009,,70,31.1,-,-
853M,2,TTS,TRUNK,94009,59009,,74,32.2,-,-
854,1,TTS,TRUNK,59009,84009,,52,22.2,0535,2340
854,2,TTS,TRUNK,84009,59009,,52,22.4,0535,2340
854e,1,TTS,EXPRESS,59009,84009,,25,21.8,0635,0715
855,1,TTS,TRUNK,59009,14009,,55,25.8,0535,2330
855,2,TTS,TRUNK,14009,59009,,55,26.0,0535,2330
856,1,TTS,TRUNK,59009,46009,,37,16.3,0530,2345
856,2,TTS,TRUNK,46009,59009,,39,17.2,0530,2350
856A,1,TTS,TRUNK,46009,46069,,7,3.4,1700,1953
856B,1,TTS,TRUNK,46009,58159,,30,13.8,0646,0823
856C,1,TTS,TRUNK,46111,47071,,11,9.0,0655,0829
857,1,TTS,TRUNK,59009,59009,Temasek Ave,64,42.3,0530,2240
857A,1,TTS,TRUNK,59009,55081,,16,7.1,0710,0710
857B,1,TTS,TRUNK,59009,02161,,32,21.1,0630,0831
858,1,TTS,TRUNK,46009,46009,PTB2 Basement,75,73.4,0515,2315
858A,1,TTS,TRUNK,46009,59073,,24,9.0,2327,0030
858B,1,TTS,TRUNK,68111,68119,,11,54.9,0732,0807
859,1,TTS,TRUNK,58009,58009,Yishun Ave 2,50,19.1,0540,2315
859A,1,TTS,TRUNK,58009,58009,Admiralty Link,15,5.1,0530,0100
859B,1,TTS,TRUNK,58009,58009,Sembawang Cres,14,5.0,0530,0055
859T,1,TTS,TRUNK,58009,59009,,26,9.5,2330,2400
860,1,SBST,TRUNK,55509,55509,Yishun Ave 2,74,29.9,0530,2340
860T,1,SBST,TRUNK,55509,59009,Yishun Ave 2,37,14.7,2250,2340
861,1,TTS,TRUNK,58009,58009,Yishun Ring Rd,56,21.8,0530,2317
861A,1,TTS,TRUNK,58009,59569,,29,10.4,0837,0837
861B,1,TTS,TRUNK,59421,58549,,18,18.3,0753,0836
861M,1,TTS,TRUNK,58539,58009,,11,3.6,0645,0700
870,1,TTS,TRUNK,29009,41009,,13,6.3,0600,0045
870,2,TTS,TRUNK,41009,29009,,15,6.6,0600,2330
871,1,TTS,TRUNK,41009,41009,Upp Bt Timah Rd,52,21.5,0515,2400
871A,1,TTS,TRUNK,41009,43429,,17,6.9,0603,0659
872,1,TTS,TRUNK,41009,41009,Jurong East St 32,28,11.0,0510,2400
872A,1,TTS,TRUNK,41009,28341,,12,4.4,0630,0742
882,1,TTS,TRUNK,58009,58009,Sembawang Rd,24,8.7,0520,2345
882A,1,TTS,TRUNK,58009,58501,,7,2.3,1911,1911
883,1,TTS,TRUNK,58009,58009,Yishun Ctrl 2,33,12.7,0515,0030
883B,1,TTS,TRUNK,59079,58049,,11,11.1,1937,1937
883M,1,TTS,TRUNK,58009,58009,Sembawang Rd,33,12.1,-,-
900,1,SMRT,FEEDER,46009,46009,Woodlands Ave 1,24,8.6,0530,0100
901,1,SMRT,FEEDER,46009,46009,Woodlands Ave 6,15,6.0,0530,0105
901M,1,SMRT,FEEDER,46009,46009,Woodlands Ave 7,24,9.6,0535,0055
902,1,SMRT,FEEDER,46009,46269,,2,1.0,0815,0950
903,1,SMRT,FEEDER,46009,46009,Woodlands Ctr Rd,22,8.4,0520,0100
903M,1,SMRT,FEEDER,46009,46009,Marsiling Lane,15,5.6,0603,0758
904,1,SMRT,FEEDER,46009,46009,Woodlands Cres,21,8.1,0530,0100
911,1,SMRT,FEEDER,46009,46009,Woodlands Ave 2,28,11.8,0520,0105
911A,1,SMRT,FEEDER,46008,46589,Woodlands St 13,5,1.9,1701,1955
911T,1,SMRT,FEEDER,46008,46009,,14,5.9,0530,0105
912,1,SMRT,FEEDER,46009,46009,Woodlands Ave 7,43,17.4,0530,0049
912A,1,SMRT,FEEDER,46009,46008,Woodlands Ave 7,19,6.9,0535,0105
912B,1,SMRT,FEEDER,46008,46009,Woodlands Ctr Rd,25,10.5,0530,0109
913,1,SMRT,FEEDER,46009,46009,Woodlands Circle,33,12.9,0530,0105
913M,1,SMRT,FEEDER,46008,46009,Woodlands St 13,27,10.7,0600,2300
913T,1,SMRT,FEEDER,46008,46009,,16,6.2,0530,0105
920,1,SMRT,FEEDER,45009,45009,Bangkit Rd,32,9.6,0530,0110
922,1,SMRT,FEEDER,45009,45009,Bangkit Rd,26,9.1,0530,0110
925,1,SMRT,TRUNK,47009,44009,,39,18.5,0600,2000
925,2,SMRT,TRUNK,44009,47009,,39,18.0,0600,2000
925A,1,SMRT,TRUNK,47009,49199,,18,8.7,0700,0733
925M,1,SMRT,TRUNK,47009,47009,Neo Tiew Cres,40,19.4,-,-
927,1,SMRT,TRUNK,44009,44009,Mandai Lake Rd,33,18.0,0600,2400
941,1,TTS,FEEDER,43009,43009,Bukit Batok West Avenue 9,19,6.8,0530,0110
945,1,TTS,FEEDER,43009,43009,Bt Batok St 34,19,7.3,0530,0110
947,1,TTS,FEEDER,43009,43009,Bt Batok Rd,14,5.0,0530,0110
950,1,SMRT,TRUNK,47009,47009,Jln Jim Quee,19,24.4,0530,2345
960,1,SMRT,TRUNK,46009,02089,,46,27.1,0530,2330
960,2,SMRT,TRUNK,02101,46009,,46,27.3,0632,2332
960e,1,SMRT,EXPRESS,46009,02089,,23,23.9,0600,1200
960e,2,SMRT,EXPRESS,02101,46009,,22,24.5,1402,2232
961,1,SMRT,TRUNK,47009,80009,,85,35.7,0530,2330
961,2,SMRT,TRUNK,80009,47009,,91,35.4,0600,2330
961M,1,SMRT,TRUNK,47009,80009,,88,38.3,-,-
961M,2,SMRT,TRUNK,80009,47009,,94,37.2,-,-
962,1,SMRT,TRUNK,46009,46009,Admiralty St,46,16.8,0530,2345
962B,1,SMRT,TRUNK,58259,58251,,12,4.6,0627,0817
962C,1,SMRT,TRUNK,47571,47591,,5,1.4,0627,0747
963,1,TTS,TRUNK,46009,14009,,49,29.8,0550,2330
963,2,TTS,TRUNK,14009,46009,,49,29.2,0600,2330
963e,1,TTS,EXPRESS,46009,14009,,22,29.7,0645,0705
963e,2,TTS,EXPRESS,14009,46009,,22,29.1,1800,1830
964,1,SMRT,TRUNK,46009,46009,Nth Woodlands Link,27,9.9,0550,2245
965,1,TTS,TRUNK,47009,63009,,34,25.0,0515,2330
965,2,TTS,TRUNK,63009,47009,,33,24.7,0520,2330
965A,1,TTS,TRUNK,47009,59073,,18,9.6,0555,0645
966,1,TTS,TRUNK,46009,46009,Marine Parade Rd,51,63.5,0545,2230
966A,1,TTS,TRUNK,46009,92041,,27,32.8,2245,2330
967,1,SMRT,TRUNK,47009,47009,Woodlands Dr 17,29,12.2,0530,0030
969,1,TTS,TRUNK,46009,75009,,29,27.4,0530,2345
969,2,TTS,TRUNK,75009,46009,,28,27.0,0530,2345
969A,1,TTS,TRUNK,75009,59079,,15,20.4,0818,0818
970,1,SMRT,TRUNK,45009,03239,,65,25.7,0530,2335
970,2,SMRT,TRUNK,03239,45009,,65,24.6,0630,2330
972,1,SMRT,TRUNK,45009,45009,Bencoolen St,56,40.3,0530,2335
972A,1,SMRT,TRUNK,45009,08057,,27,19.9,2318,2335
972M,1,SMRT,TRUNK,45009,45009,Bencoolen St,71,42.8,0545,2250
973,1,SMRT,TRUNK,45009,45009,Hume Ave,29,10.7,0530,0110
973A,1,SMRT,TRUNK,45009,44229,,4,1.5,0030,0110
974,1,SMRT,TRUNK,24009,24009,Upp Bt Timah Rd,50,35.2,0545,2245
974A,1,SMRT,TRUNK,24009,44539,,33,20.9,2300,2330
975,1,SMRT,TRUNK,45009,45009,Lim Chu Kang Rd,85,40.7,0545,2335
975A,1,SMRT,TRUNK,44531,30089,,7,1.7,1711,2133
975B,1,SMRT,TRUNK,44531,33041,,30,15.5,0610,0754
975C,1,SMRT,TRUNK,45009,34009,,44,20.4,2255,2335
976,1,SMRT,TRUNK,44009,45009,,24,8.5,0530,0030
976,2,SMRT,TRUNK,45009,44009,,25,8.9,0550,0050
979,1,SMRT,TRUNK,45009,45009,Choa Chu Kang Cres,36,11.8,0545,2400
980,1,TTS,TRUNK,58009,80009,,64,25.4,0530,2330
980,2,TTS,TRUNK,80009,58009,,61,24.8,0600,2330
981,1,TTS,TRUNK,58009,47199,,21,8.2,0645,0915
981,2,TTS,TRUNK,47121,58009,,21,8.3,1700,1930
983,1,SMRT,TRUNK,44009,44009,Jelebu Rd,30,12.3,0530,0105
983A,1,SMRT,TRUNK,44009,44131,,13,4.9,0005,0105
983M,1,SMRT,TRUNK,44551,44969,,11,3.7,0640,0700
984,1,TTS,TRUNK,29009,43991,,31,12.8,0600,2330
984,2,TTS,TRUNK,44069,29009,,31,12.7,0535,2335
984A,1,TTS,TRUNK,44069,30121,,16,6.1,2350,0005
985,1,SMRT,TRUNK,44009,80009,,40,25.7,0530,2330
985,2,SMRT,TRUNK,80009,44009,,40,25.8,0545,2330
990,1,TTS,TRUNK,43009,43009,Jurong Gateway Rd,28,11.6,0545,2400
991,1,SMRT,TRUNK,43009,44009,,26,11.7,0530,0100
991,2,SMRT,TRUNK,44009,43009,,26,11.7,0530,0055
991A,1,SMRT,TRUNK,43009,43341,,6,1.8,0015,0100
991B,1,SMRT,TRUNK,44009,44099,,6,3.2,0017,0055
992,1,TTS,TRUNK,43009,41009,,16,5.7,0530,0110
992,2,TTS,TRUNK,41009,43009,,17,6.1,0505,0055
993,1,SBST,TRUNK,28009,28009,Bt Batok West Ave 8,25,9.2,0545,2345
BPB,1,SMRT,TRUNK,44531,44531,,19,10.6,-,-
SWA,1,SBST,TRUNK,67481,67009,,5,2.8,0600,1000
SWB,1,SBST,TRUNK,67009,67741,,5,3.1,1730,2130
