item_id,question,reference,candidate
fm-q04|qwen2.5:3b|rag_top4,What ventilation opening area is required for the common internal corridor serving hotel guestrooms?,Openings of at least 15% of the floor area,[not published: this answer repeats 25 consecutive words of a building code whose terms do not allow republication; sha256 691a16191ef2dc52]
fm-q10|qwen2.5:3b|rag_top4,At what interval must red colour bands be applied on fire protection pipework that is not painted red?,Not more than 6 m apart,[1] Red colour bands of width not less than 20mm and labelling must be provided at an interval of not more than 6m apart.
fm-q16|qwen2.5:3b|closed,How deep must the level landing of a ramp be?,At least 1500 mm,The level landing of a ramp must be at least 1.5 meters wide and 1.5 meters deep.
fm-q22|qwen2.5:3b|closed,To what width may a ramp be reduced if a stepped approach is provided alongside?,1200 mm,"If a stepped approach is provided alongside, a ramp may be reduced to a width of 0.30 meters (12 inches) per step."
fm-q23|qwen2.5:3b|rag_miss,"When must a passing space be provided on an accessible route, and how big is it?",Where the route is narrower than 1800 mm; the passing space is at least 1800 mm by 1800 mm,[3] Passing spaces in accordance with clause 4.2.1.2 must be provided on accessible routes. [3] The width of these passing spaces must be 1200 mm for primary routes and 1800 mm for all other accessible routes.
fm-q28|qwen2.5:3b|rag_miss,How much water may a sensor-operated flush valve discharge per flush for a WC?,Not more than 4.5 litres,"According to [2], a sensor-operated flush valve discharges a predetermined quantity of water not more than 4.5 and 1.0 liters per flush for a WC."
fm-q40|qwen2.5:3b|rag_top4,What passageway width is required from the bathroom doorway to the water closet in an accessible residential unit?,At least 1000 mm,"[2] states that the minimum clear floor space in front of the doorway must be in accordance with Table 7. According to [2], the clear width of the doorway must be 900 or wider for a minimum clear floor space of 1000 x 1000 mm at the front edge of and centred to the water closet. Therefore, the required passageway width is 900 mm or wider."
sgbus-0096|qwen2.5:3b|card,How many different bus services call at Singapore bus stop 57061 (Dieppe Barracks)? Use LTA DataMall data for September 2026.,6,"At Dieppe Barracks (stop code 57061), 6 different bus services call: 167, 169, 171, 860, 860T, and 980."
sgbus-0097|qwen2.5:3b|card,How many different bus services call at Singapore bus stop 54371 (Blk 409 Mkt/FC)? Use LTA DataMall data for September 2026.,5,"5 different bus services call at Singapore bus stop 54371 (Blk 409 Mkt/FC): 45, 55, 55B, 261, and 652."
sgbus-0098|qwen2.5:3b|card,How many different bus services call at Singapore bus stop 21571 (Opp Jurong Sec Sch)? Use LTA DataMall data for September 2026.,6,"At bus stop 21571 (Opp Jurong Secondary School), 6 different bus services call: 30, 49, 98, 98M, 240, and 246."
sgbus-0106|qwen2.5:3b|card,How many different bus services call at Singapore bus stop 46389 (Aft W'lands Ind Pk D St 1)? Use LTA DataMall data for September 2026.,7,"At bus stop 46389 (Aft W'lands Ind Pk D St 1), 7 different bus services call: 160, 178, 925, 925M, 960, 961, and 961M."
sgbus-0109|qwen2.5:3b|card,How many different bus services call at Singapore bus stop 52331 (Blk 27)? Use LTA DataMall data for September 2026.,5,"At bus stop 52331 (Blk 27), 5 different bus services call: 57, 230, 230M, 235, and 238."
sgbus-0127|qwen2.5:3b|closed,"On weekdays, at what time does the first bus of Singapore bus service 85 leave its starting stop Punggol Int (65009)? Give the time as HHMM (24-hour clock). Use LTA DataMall data for September 2026.",0530,"To provide the exact time, I would need to access real-time data from LTA DataMall for September 2026, which I cannot do here. However, typically bus services start around 5:30 AM in the morning."
sgbus-0131|qwen2.5:3b|closed,"On weekdays, at what time does the first bus of Singapore bus service 63 leave its starting stop Eunos Int (82009)? Give the time as HHMM (24-hour clock). Use LTA DataMall data for September 2026.",0530,"To provide the exact time, I would need to access real-time data from the LTA DataMall for September 2026, which I cannot do here. However, typically bus services start around 5:30 AM in the morning."
sgbus-0166|qwen2.5:3b|card,Which bus services call at both Singapore bus stop 65009 (Punggol Int) and bus stop 66359 (S'goon Stn Exit C/Blk 201)? List all of them. Use LTA DataMall data for September 2026.,"43, 43A","The bus services that call at both stop 65009 (Punggol Int) and stop 66359 (S'goon Stn Exit C/Blk 201) are: 43, 43A, 53, 53M, 70, 70A, 70B, 70M, 116, 116A, 315."
sgbus-0167|qwen2.5:3b|card,Which bus services call at both Singapore bus stop 65069 (Blk 190C) and bus stop 54269 (Opp Ang Mo Kio Stn)? List all of them. Use LTA DataMall data for September 2026.,"88, 88A","The bus services that call at both bus stop 65069 (Blk 190C) and bus stop 54269 (Opp Ang Mo Kio Stn) are 88, 88A, 89, 89e, 132, 165."
sgbus-0170|qwen2.5:3b|card,Which bus services call at both Singapore bus stop 03539 (Marina Bay Stn) and bus stop 78119 (Opp Blk 476)? List all of them. Use LTA DataMall data for September 2026.,661,"The bus services that call at both Marina Bay Stn (03539) and Opp Blk 476 (78119) are 17, 89, 89A, 661."
sgbus-0171|qwen2.5:3b|card,Which bus services call at both Singapore bus stop 66601 (Blk 991A) and bus stop 08058 (Aft Dhoby Ghaut Stn)? List all of them. Use LTA DataMall data for September 2026.,680,"The bus services that call at both bus stop 66601 (Blk 991A) and bus stop 08058 (Aft Dhoby Ghaut Stn) are 64, 65, 139, 680, 681, 682, and 683."
sgbus-0172|qwen2.5:3b|card,Which bus services call at both Singapore bus stop 41009 (Tengah Int) and bus stop 22009 (Boon Lay Int)? List all of them. Use LTA DataMall data for September 2026.,181,"The bus services calling at both bus stop 41009 (Tengah Int) and bus stop 22009 (Boon Lay Int) are 97, 97e, 181, 452, 453, 831G, 831W, 870, 871, 871A, 872, 872A, and 992."
sgbus-0173|qwen2.5:3b|card,Which bus services call at both Singapore bus stop 42151 (Beauty World Stn Exit C) and bus stop 41009 (Tengah Int)? List all of them. Use LTA DataMall data for September 2026.,"452, 871","The bus services calling at both Beauty World Stn Exit C (42151) and Tengah Int (41009) are 452, 871, 871A, 872, 872A, 992."
sgbus-0174|qwen2.5:3b|card,Which bus services call at both Singapore bus stop 02151 (Suntec Convention Ctr) and bus stop 65301 (Damai Stn Exit B)? List all of them. Use LTA DataMall data for September 2026.,666,The bus services that call at both Suntec Convention Ctr (stop code 02151) and Damai Stn Exit B (stop code 65301) are 666 and 976.
sgbus-0175|qwen2.5:3b|card,Which bus services call at both Singapore bus stop 64009 (Hougang Ctrl Int) and bus stop 17009 (Clementi Int)? List all of them. Use LTA DataMall data for September 2026.,"147, 165","The bus services calling at both Hougang Ctrl Int (stop code 64009) and Clementi Int (stop code 17009) are 96, 96A, 147, 165, 166, 173, 175, and 282."
sgbus-0176|qwen2.5:3b|card,Which bus services call at both Singapore bus stop 47009 (Woodlands Temp Int) and bus stop 80009 (Lor 1 Geylang Ter)? List all of them. Use LTA DataMall data for September 2026.,"961, 961M","The bus services that call at both bus stop 47009 (Woodlands Temp Int) and bus stop 80009 (Lor 1 Geylang Ter) are 961, 961M, 965, 965A, 967."
sgbus-0177|qwen2.5:3b|card,Which bus services call at both Singapore bus stop 27461 (Opp Blk 276B) and bus stop 03391 (Marina Bay Financial Ctr)? List all of them. Use LTA DataMall data for September 2026.,651,"181, 185, 651"
sgbus-0178|qwen2.5:3b|card,Which bus services call at both Singapore bus stop 70289 (Aft Tai Seng Stn Exit C) and bus stop 65259 (Punggol Stn/Int)? List all of them. Use LTA DataMall data for September 2026.,"43, 459","The bus services that call at both bus stop 70289 (Aft Tai Seng Stn Exit C) and bus stop 65259 (Punggol Stn/Int) are 34, 39, 39A, 43, 43A, 43e, 44, 118, 118A, 381, 384, and 459."
sgbus-0179|qwen2.5:3b|card,Which bus services call at both Singapore bus stop 22009 (Boon Lay Int) and bus stop 10009 (Bt Merah Int)? List all of them. Use LTA DataMall data for September 2026.,198,"The bus services that call at both bus stop 22009 (Boon Lay Int) and bus stop 10009 (Bt Merah Int) are: 5, 16, 16M, 57, 75, 123, 131, 132, 139, 153, 167, 176, 198, 272, 273, 851."
fm-q06|qwen3.5:4b|closed,What minimum tread length must a spiral staircase have to count as a required exit?,750 mm,"According to the Building and Construction Authority's (BCA) Singapore Building Code, specifically **BS 1062:2018**, a spiral staircase used as an exit must have a minimum tread length of **350 mm**. This measurement is taken from the centerline of one tread to the centerline of the next. Additionally, the vertical rise between treads cannot exceed 225 mm, and there must be a landing at the top and bottom with a minimum width of 750 mm."
fm-q21|qwen3.5:4b|closed,What clear floor space must be provided for wheelchairs to turn inside an accessible guestroom?,1500 mm by 1500 mm,"According to the Building and Construction Authority's *Code on Accessible Design* (BCA Code), a minimum clear floor area of **1.50 m x 1.50 m** is required for wheelchair turning within an accessible guestroom. This space must be unobstructed and located near the bed or washbasin to allow safe maneuvering."
sgbus-0073|qwen3.5:4b|card,"How many bus stops does Singapore bus service 136 call at when travelling from Ang Mo Kio Int (54009) to Punggol Int (65009), counting both terminals? Use LTA DataMall data for September 2026.",40,"Based on the provided reference table, Singapore bus service 136 calls at **41** stops when travelling from Ang Mo Kio Int to Punggol Int. (Note: The table lists 41 stops for this route direction; the entry with 40 stops appears to be a data inconsistency in the source text)."
sgbus-0091|qwen3.5:4b|card,"How many bus stops does Singapore bus service 193 call at when travelling from Tuas Ter (25009) to Boon Lay Int (22009), counting both terminals? Use LTA DataMall data for September 2026.",43,"Based on the provided reference table, bus service 193 calls at **43** stops when travelling from Tuas Ter to Boon Lay Int. (Note: The table lists this route with a weekday first bus time of 0650)."
sgbus-0097|qwen3.5:4b|card,How many different bus services call at Singapore bus stop 54371 (Blk 409 Mkt/FC)? Use LTA DataMall data for September 2026.,5,"Based on the provided reference table, **5** different bus services call at stop 54371 (Blk 409 Mkt/FC). The services are: 45, 55, 55B, 261, and 652."
sgbus-0099|qwen3.5:4b|card,How many different bus services call at Singapore bus stop 14219 (Opp Blk 114)? Use LTA DataMall data for September 2026.,4,"Based on the provided reference table, **4** different bus services call at stop 14219 (Opp Blk 114). The services are: 57, 175, 195, and 195A."
sgbus-0101|qwen3.5:4b|card,How many different bus services call at Singapore bus stop 47041 (Opp W'lands Auto Hub)? Use LTA DataMall data for September 2026.,3,"Based on the provided reference table, **3** different bus services (856, 856B, and 856C) call at stop 47041 (Opp W'lands Auto Hub). Please note that the reference data does not specify a date of September 2026."
sgbus-0107|qwen3.5:4b|card,How many different bus services call at Singapore bus stop 54201 (Opp Blk 155)? Use LTA DataMall data for September 2026.,7,"Based on the provided reference table, **7** different bus services call at stop 54201 (Opp Blk 155). The services are: 71, 76, 268, 268C, 269, 269A, and 652.

*Note: The reference table does not contain specific data for September 2026.*"
sgbus-0109|qwen3.5:4b|card,How many different bus services call at Singapore bus stop 52331 (Blk 27)? Use LTA DataMall data for September 2026.,5,"Based on the provided reference table, **5** different bus services call at stop 52331 (Blk 27). The services listed are 57, 230, 230M, 235, and 238."
sgbus-0111|qwen3.5:4b|card,How many different bus services call at Singapore bus stop 58411 (Blk 404A CP)? Use LTA DataMall data for September 2026.,4,"Based on the provided reference table, **4** different bus services (656, 859, 859A, and 859T) call at stop 58411 (Blk 404A CP). Note that while the prompt mentions September 2026 data, the reference table does not contain specific future date information."
sgbus-0113|qwen3.5:4b|card,How many different bus services call at Singapore bus stop 44469 (Blk 414)? Use LTA DataMall data for September 2026.,10,"Based on the provided reference table, **10** different bus services call at stop 44469 (Blk 414). The services listed are: 67, 188, 301, 307, 307T, 649, 974, 974A, 975, and 976."
sgbus-0115|qwen3.5:4b|card,"On weekdays, at what time does the first bus of Singapore bus service 646 leave its starting stop Hub Synergy Pt (03222)? Give the time as HHMM (24-hour clock). Use LTA DataMall data for September 2026.",1815,"On weekdays, the first bus of Singapore bus service 646 from Hub Synergy Pt (03222) leaves at 1815. This information is based on the provided reference table which lists the weekday first bus time for this specific route direction."
sgbus-0129|qwen3.5:4b|card,"On weekdays, at what time does the first bus of Singapore bus service 861M leave its starting stop Blk 120A (58539)? Give the time as HHMM (24-hour clock). Use LTA DataMall data for September 2026.",0645,"On weekdays, the first bus of service 861M leaves its starting stop Blk 120A at 0645. This time is based on the provided reference table which lists the weekday first bus departure as 0645."
sgbus-0171|qwen3.5:4b|card,Which bus services call at both Singapore bus stop 66601 (Blk 991A) and bus stop 08058 (Aft Dhoby Ghaut Stn)? List all of them. Use LTA DataMall data for September 2026.,680,"Based on the provided reference table, there are **no bus services** that call at both Singapore bus stop 66601 (Blk 991A) and bus stop 08058 (Aft Dhoby Ghaut Stn). The services at stop 66601 are 101, 114, 114A, 660M, and 680, while the services at stop 08058 are 64, 65, 139, 680, 681, 682, and 683. The only service appearing on both lists is **680**."
sgbus-0177|qwen3.5:4b|card,Which bus services call at both Singapore bus stop 27461 (Opp Blk 276B) and bus stop 03391 (Marina Bay Financial Ctr)? List all of them. Use LTA DataMall data for September 2026.,651,"Based on the provided reference table, there are **no bus services** that call at both Singapore bus stop 27461 (Opp Blk 276B) and bus stop 03391 (Marina Bay Financial Ctr). The services at 27461 are 181, 185, and 651, while the services at 03391 include 97, 106, 133, 400, 646, 649, 651, 653, 654, 655, 657, 661, 666, 667,"
fm-q15|llama3.2:3b|closed,What is the maximum run of a ramp with a gradient of 1:12?,6000 mm,"According to the Singapore Building and Construction Authority (BCA) Building Control Code (BCC), the maximum run of a ramp with a gradient of 1:12 is 6.0 metres."
fm-q23|llama3.2:3b|closed,"When must a passing space be provided on an accessible route, and how big is it?",Where the route is narrower than 1800 mm; the passing space is at least 1800 mm by 1800 mm,"According to Singapore's Building and Construction Authority (BCA) guidelines, a passing space must be provided on an accessible route when the route is more than 1.8 meters long. The passing space must be at least 1.2 meters wide and 1.8 meters long."
sgbus-0099|llama3.2:3b|card,How many different bus services call at Singapore bus stop 14219 (Opp Blk 114)? Use LTA DataMall data for September 2026.,4,"According to the reference table, 4 different bus services call at Singapore bus stop 14219 (Opp Blk 114): 57, 175, 195, and 195A."
sgbus-0101|llama3.2:3b|card,How many different bus services call at Singapore bus stop 47041 (Opp W'lands Auto Hub)? Use LTA DataMall data for September 2026.,3,"According to the reference table, 3 different bus services call at Singapore bus stop 47041 (Opp W'lands Auto Hub): 856, 856B, and 856C."
sgbus-0109|llama3.2:3b|card,How many different bus services call at Singapore bus stop 52331 (Blk 27)? Use LTA DataMall data for September 2026.,5,"According to the reference table, 5 different bus services call at Singapore bus stop 52331 (Blk 27): 57, 230, 230M, 235, and 238."
sgbus-0115|llama3.2:3b|card,"On weekdays, at what time does the first bus of Singapore bus service 646 leave its starting stop Hub Synergy Pt (03222)? Give the time as HHMM (24-hour clock). Use LTA DataMall data for September 2026.",1815,"According to the reference table, the first bus of service 646 leaves its starting stop Hub Synergy Pt (03222) at 1815."
sgbus-0129|llama3.2:3b|card,"On weekdays, at what time does the first bus of Singapore bus service 861M leave its starting stop Blk 120A (58539)? Give the time as HHMM (24-hour clock). Use LTA DataMall data for September 2026.",0645,"According to the reference table, the first bus of service 861M leaves its starting stop Blk 120A (58539) at 0645."
sgbus-0175|llama3.2:3b|card,Which bus services call at both Singapore bus stop 64009 (Hougang Ctrl Int) and bus stop 17009 (Clementi Int)? List all of them. Use LTA DataMall data for September 2026.,"147, 165","Based on the reference table, the bus services that call at both bus stop 64009 (Hougang Ctrl Int) and bus stop 17009 (Clementi Int) are:

* 51
* 89
* 89e
* 107
* 107M
* 112
* 112A
* 112B
* 113
* 132
* 147
* 147A
* 151
* 153
* 165
* 324
* 325
* 329"
sgbus-0177|llama3.2:3b|card,Which bus services call at both Singapore bus stop 27461 (Opp Blk 276B) and bus stop 03391 (Marina Bay Financial Ctr)? List all of them. Use LTA DataMall data for September 2026.,651,"Based on the reference table and LTA DataMall data for September 2026, the bus services that call at both bus stops 27461 (Opp Blk 276B) and bus stop 03391 (Marina Bay Financial Ctr) are:

181, 185, 651"
sgbus-0179|llama3.2:3b|card,Which bus services call at both Singapore bus stop 22009 (Boon Lay Int) and bus stop 10009 (Bt Merah Int)? List all of them. Use LTA DataMall data for September 2026.,198,"Based on the reference table, the bus services that call at both bus stop 22009 (Boon Lay Int) and bus stop 10009 (Bt Merah Int) are:

* 153
* 167
* 176
* 198"
fm-q16|gemma3:4b|closed,How deep must the level landing of a ramp be?,At least 1500 mm,"According to Singapore’s Codes of Practice for Barrier-Free Access, level landings for ramps must be at least 600mm in width. The minimum level landing length is 1500mm. This ensures sufficient space for wheelchair users to maneuver and safely transition."
fm-q21|gemma3:4b|closed,What clear floor space must be provided for wheelchairs to turn inside an accessible guestroom?,1500 mm by 1500 mm,"According to Singapore’s Codes on Accessibility, a clear floor space of at least 1.5 meters by 1.5 meters (or 2.25 square meters) is required for wheelchair turning within an accessible guestroom. This space must be unobstructed and located within the accessible area. It’s crucial for ensuring maneuverability for wheelchair users."
fm-q22|gemma3:4b|closed,To what width may a ramp be reduced if a stepped approach is provided alongside?,1200 mm,Section 6.1 of the Singapore Code on Accessibility requires a ramp width reduction of no more than 0.3m if a stepped approach is provided. This reduction is only permissible if the stepped approach meets the specified requirements for its own dimensions and flight height.  The overall ramp must still maintain a minimum width of 1.2m.
sgbus-0113|gemma3:4b|card,How many different bus services call at Singapore bus stop 44469 (Blk 414)? Use LTA DataMall data for September 2026.,10,"Bus stop 44469 (Blk 414) has 10 different bus services calling here: 67, 188, 301, 307, 307T, 649, 974, 974A, 975, and 976."
sgbus-0115|gemma3:4b|card,"On weekdays, at what time does the first bus of Singapore bus service 646 leave its starting stop Hub Synergy Pt (03222)? Give the time as HHMM (24-hour clock). Use LTA DataMall data for September 2026.",1815,The first bus of Singapore bus service 646 leaves Hub Synergy Pt (03222) at 1815 on weekdays.
sgbus-0129|gemma3:4b|card,"On weekdays, at what time does the first bus of Singapore bus service 861M leave its starting stop Blk 120A (58539)? Give the time as HHMM (24-hour clock). Use LTA DataMall data for September 2026.",0645,The first bus of Singapore bus service 861M leaves Blk 120A (58539) at 0645 on weekdays.
sgbus-0167|gemma3:4b|card,Which bus services call at both Singapore bus stop 65069 (Blk 190C) and bus stop 54269 (Opp Ang Mo Kio Stn)? List all of them. Use LTA DataMall data for September 2026.,"88, 88A","Bus services 27, 82, 83, 83T, 86, 88, 88A, 136, 161, and 965 call at both bus stops 65069 and 54269."
sgbus-0169|gemma3:4b|card,Which bus services call at both Singapore bus stop 58009 (Sembawang Int) and bus stop 47199 (Bef Senoko Dr)? List all of them. Use LTA DataMall data for September 2026.,981,"Based on the reference table, bus services 980 and 981 call at both bus stop 58009 (Sembawang Int) and bus stop 47199 (Bef Senoko Dr)."
sgbus-0171|gemma3:4b|card,Which bus services call at both Singapore bus stop 66601 (Blk 991A) and bus stop 08058 (Aft Dhoby Ghaut Stn)? List all of them. Use LTA DataMall data for September 2026.,680,"Based on the reference table, bus services 680 and 681 call at both bus stop 66601 (Blk 991A) and bus stop 08058 (Aft Dhoby Ghaut Stn)."
sgbus-0173|gemma3:4b|card,Which bus services call at both Singapore bus stop 42151 (Beauty World Stn Exit C) and bus stop 41009 (Tengah Int)? List all of them. Use LTA DataMall data for September 2026.,"452, 871","Based on the reference table, bus services 97, 97e, 181, 452, 453, 831G, 831W, 870, 871, 871A, 872, and 872A call at both Beauty World Stn Exit C (42151) and Tengah Int (41009)."
sgbus-0175|gemma3:4b|card,Which bus services call at both Singapore bus stop 64009 (Hougang Ctrl Int) and bus stop 17009 (Clementi Int)? List all of them. Use LTA DataMall data for September 2026.,"147, 165","Based on the reference table, bus services 27, 51, 74, 89, 89e, 102, 107, 107M, 112, 112A, 112B, 113, 116, 132, 147, 147A, 151, 153, 161, 165, 324, 325, and 329 call at both Hougang Ctrl Int (64009) and Clementi Int (17009)."
sgbus-0179|gemma3:4b|card,Which bus services call at both Singapore bus stop 22009 (Boon Lay Int) and bus stop 10009 (Bt Merah Int)? List all of them. Use LTA DataMall data for September 2026.,198,"Bus services 198, 272, 273, 851 call at both Boon Lay Int (22009) and Bt Merah Int (10009)."
sgbus-0109|phi4-mini:3.8b|card,How many different bus services call at Singapore bus stop 52331 (Blk 27)? Use LTA DataMall data for September 2026.,5,"At Singapore bus stop 52331 (Blk 27), there are 5 different bus services calling: 57, 230, 230M, 235, and 238."
sgbus-0111|phi4-mini:3.8b|card,How many different bus services call at Singapore bus stop 58411 (Blk 404A CP)? Use LTA DataMall data for September 2026.,4,"At Singapore bus stop 58411 (Blk 404A CP), there are 4 different bus services calling: 656, 859, 859A, and 859T."
sgbus-0115|phi4-mini:3.8b|card,"On weekdays, at what time does the first bus of Singapore bus service 646 leave its starting stop Hub Synergy Pt (03222)? Give the time as HHMM (24-hour clock). Use LTA DataMall data for September 2026.",1815,"The first bus of Singapore bus service 646 leaves Hub Synergy Pt (03222) at 1815, which is 18:15 in HHMM (24-hour clock) format."
sgbus-0129|phi4-mini:3.8b|card,"On weekdays, at what time does the first bus of Singapore bus service 861M leave its starting stop Blk 120A (58539)? Give the time as HHMM (24-hour clock). Use LTA DataMall data for September 2026.",0645,The first bus of Singapore bus service 861M leaves its starting stop Blk 120A (58539) at 0645 on weekdays.
sgbus-0167|phi4-mini:3.8b|card,Which bus services call at both Singapore bus stop 65069 (Blk 190C) and bus stop 54269 (Opp Ang Mo Kio Stn)? List all of them. Use LTA DataMall data for September 2026.,"88, 88A","The bus services that call at both Singapore bus stop 65069 (Blk 190C) and bus stop 54269 (Opp Ang Mo Kio Stn) are: 88, 88A, 132, 165, 261, 268, 268C."
sgbus-0173|phi4-mini:3.8b|card,Which bus services call at both Singapore bus stop 42151 (Beauty World Stn Exit C) and bus stop 41009 (Tengah Int)? List all of them. Use LTA DataMall data for September 2026.,"452, 871","The bus services calling at both Singapore bus stop 42151 (Beauty World Stn Exit C) and bus stop 41009 (Tengah Int) are 97, 97e, 181, 452, 453, 831G, 831W, 870, 871, 871A, 872, 872A, 992."
sgbus-0175|phi4-mini:3.8b|card,Which bus services call at both Singapore bus stop 64009 (Hougang Ctrl Int) and bus stop 17009 (Clementi Int)? List all of them. Use LTA DataMall data for September 2026.,"147, 165","The bus services calling at both Singapore bus stop 64009 (Hougang Ctrl Int) and bus stop 17009 (Clementi Int) are 7, 7B, 14, 96, 96A, 99, 147, 156, 165, 166, 173, 175, 196, 282, 284, 285."
sgbus-0179|phi4-mini:3.8b|card,Which bus services call at both Singapore bus stop 22009 (Boon Lay Int) and bus stop 10009 (Bt Merah Int)? List all of them. Use LTA DataMall data for September 2026.,198,"The bus services that call at both Singapore bus stop 22009 (Boon Lay Int) and bus stop 10009 (Bt Merah Int) are: 30, 79, 79T, 154, 154B, 157, 172, 174, 174e, 178, 179, 179A, 180, 180A, 181, 181A, 181M, 187, 192, 193, 198, 198A, 199, 240, 241, 242, 243G, 243W, 246, 249, 249A, 251, 252, 405, 5, 16, 16M, 57,"
