pipeline,n,accuracy,acc_lo,acc_hi,false_accept,fa_lo,fa_hi,false_reject,fr_lo,fr_hi,kappa_vs_gold,calls_per_item,tokens_per_item,seconds_per_item
qwen3.5:4b|bin_ref,400,0.9325,0.9075,0.9550,0.1329,0.0902,0.1916,0.0176,0.0069,0.0444,0.8607,1.00,243.6,2.226
gemma3:4b|strict_ref,400,0.9275,0.9000,0.9525,0.1329,0.0902,0.1916,0.0264,0.0122,0.0565,0.8506,1.00,273.5,1.957
J3-majority|bin_ref,400,0.9250,0.8975,0.9500,0.0983,0.0623,0.1517,0.0573,0.0338,0.0955,0.8468,3.00,719.1,4.834
qwen3.5:4b|strict_ref,400,0.9225,0.8950,0.9475,0.0867,0.0532,0.1381,0.0705,0.0438,0.1114,0.8422,1.00,259.6,2.342
J3-majority|strict_ref,400,0.9200,0.8925,0.9450,0.0809,0.0488,0.1312,0.0793,0.0507,0.1218,0.8375,3.00,766.7,5.014
gemma3:4b|bin_ref,400,0.9050,0.8750,0.9325,0.1503,0.1047,0.2111,0.0529,0.0305,0.0901,0.8046,1.00,258.5,1.910
J3-mean_score|score_ref,400,0.8750,0.8425,0.9075,0.2775,0.2161,0.3485,0.0088,0.0024,0.0315,0.7370,3.00,797.2,5.289
J5-majority|strict_ref,400,0.8725,0.8400,0.9050,0.0462,0.0236,0.0886,0.1894,0.1438,0.2454,0.7464,5.00,1272.8,5.947
J5-majority|bin_ref,400,0.8675,0.8350,0.9000,0.0751,0.0444,0.1243,0.1762,0.1322,0.2310,0.7350,5.00,1193.2,5.794
J3-unanimity|bin_ref,400,0.8550,0.8200,0.8900,0.0347,0.0160,0.0736,0.2291,0.1792,0.2880,0.7137,3.00,719.1,4.834
phi4-mini:3.8b|bin_ref,400,0.8450,0.8100,0.8800,0.0751,0.0444,0.1243,0.2159,0.1673,0.2739,0.6919,1.00,217.0,0.698
phi4-mini:3.8b|score_ref,400,0.8425,0.8050,0.8750,0.3237,0.2585,0.3966,0.0308,0.0150,0.0623,0.6680,1.00,250.9,1.133
J3-unanimity|strict_ref,400,0.8375,0.8025,0.8725,0.0289,0.0124,0.0659,0.2643,0.2112,0.3253,0.6810,3.00,766.7,5.014
phi4-mini:3.8b|strict_ref,400,0.8275,0.7900,0.8650,0.0751,0.0444,0.1243,0.2467,0.1951,0.3067,0.6587,1.00,233.5,0.715
gemma3:4b|score_ref,400,0.8175,0.7800,0.8550,0.4162,0.3453,0.4907,0.0044,0.0008,0.0245,0.6091,1.00,281.1,1.894
qwen2.5:3b|bin_ref,400,0.8150,0.7775,0.8525,0.0173,0.0059,0.0497,0.3128,0.2560,0.3758,0.6400,1.00,236.1,0.460
J5-mean_score|score_ref,400,0.8150,0.7775,0.8525,0.0751,0.0444,0.1243,0.2687,0.2153,0.3299,0.6352,5.00,1312.3,6.158
qwen2.5:3b|strict_ref,400,0.8025,0.7650,0.8400,0.0116,0.0032,0.0412,0.3392,0.2808,0.4030,0.6174,1.00,252.2,0.448
qwen3.5:4b|score_ref,400,0.7975,0.7575,0.8350,0.4566,0.3842,0.5310,0.0088,0.0024,0.0315,0.5644,1.00,265.2,2.263
llama3.2:3b|strict_ref,400,0.7775,0.7350,0.8151,0.0809,0.0488,0.1312,0.3304,0.2725,0.3940,0.5650,1.00,254.0,0.485
J5-unanimity|bin_ref,400,0.7500,0.7075,0.7925,0.0058,0.0010,0.0320,0.4361,0.3732,0.5012,0.5229,5.00,1193.2,5.794
J5-unanimity|strict_ref,400,0.7475,0.7050,0.7900,0.0000,0.0000,0.0217,0.4449,0.3817,0.5100,0.5190,5.00,1272.8,5.947
llama3.2:3b|score_ref,400,0.6900,0.6450,0.7350,0.4335,0.3619,0.5080,0.2159,0.1673,0.2739,0.3570,1.00,258.5,0.451
llama3.2:3b|bin_ref,400,0.6875,0.6425,0.7300,0.2717,0.2109,0.3424,0.3436,0.2849,0.4075,0.3767,1.00,238.0,0.500
qwen2.5:3b|score_ref,400,0.6525,0.6050,0.7000,0.0058,0.0010,0.0320,0.6079,0.5431,0.6691,0.3530,1.00,256.6,0.417
qwen3.5:4b|bin_free,400,0.6000,0.5500,0.6475,0.8613,0.8019,0.9050,0.0485,0.0273,0.0847,0.0997,1.00,207.6,2.043
J3-majority|bin_free,400,0.5775,0.5275,0.6250,0.7803,0.7129,0.8356,0.1498,0.1092,0.2020,0.0751,3.00,613.0,4.435
gemma3:4b|bin_free,400,0.5700,0.5200,0.6175,0.7341,0.6637,0.7943,0.1982,0.1516,0.2549,0.0717,1.00,222.1,1.755
phi4-mini:3.8b|bin_free,400,0.5475,0.4975,0.5950,0.6243,0.5501,0.6930,0.3216,0.2642,0.3849,0.0555,1.00,183.4,0.637
J5-majority|bin_free,400,0.5425,0.4925,0.5900,0.6532,0.5796,0.7201,0.3084,0.2519,0.3712,0.0396,5.00,1017.5,5.264
J3-unanimity|bin_free,400,0.5400,0.4925,0.5875,0.5318,0.4576,0.6046,0.4053,0.3435,0.4702,0.0629,3.00,613.0,4.435
qwen2.5:3b|bin_free,400,0.5050,0.4550,0.5525,0.4277,0.3564,0.5023,0.5463,0.4813,0.6097,0.0251,1.00,200.7,0.394
J5-unanimity|bin_free,400,0.4525,0.4050,0.5000,0.2312,0.1746,0.2995,0.7885,0.7309,0.8366,-0.0180,5.00,1017.5,5.264
llama3.2:3b|bin_free,400,0.4400,0.3925,0.4900,0.4277,0.3564,0.5023,0.6608,0.5970,0.7192,-0.0841,1.00,203.8,0.435
